### Result
{
  "errors": [],
  "request": {
    "symbol": "SZ:300450",
    "category": "DAY",
    "start_date": "2025-01-02",
    "end_date": "2026-09-29",
    "adjust": "QFQ",
    "strategy": "ma_cross",
    "param_grid": {
      "fast": [
        7
      ],
      "slow": [
        31
      ]
    },
    "cash": 200000,
    "execution": "next_open",
    "commission": 0.0002,
    "min_commission": 83.21,
    "stamp_tax": 0.004,
    "slippage": 0.002,
    "ohlcv": [
      {
        "period_end": "2025-01-02 15:00:00",
        "is_closed": true,
        "datetime": "2025-01-02T00:00:00",
        "open": 19.75,
        "high": 19.889999389648438,
        "low": 18.559999465942383,
        "close": 18.799999237060547,
        "vol": 30794152,
        "amount": 598947456
      },
      {
        "period_end": "2025-01-03 15:00:00",
        "is_closed": true,
        "datetime": "2025-01-03T00:00:00",
        "open": 18.770000457763672,
        "high": 18.90999984741211,
        "low": 18.059999465942383,
        "close": 18.1299991607666,
        "vol": 25986098,
        "amount": 490007424
      },
      {
        "period_end": "2025-01-06 15:00:00",
        "is_closed": true,
        "datetime": "2025-01-06T00:00:00",
        "open": 18.1200008392334,
        "high": 18.530000686645508,
        "low": 17.889999389648438,
        "close": 18.09000015258789,
        "vol": 17666408,
        "amount": 327099648
      },
      {
        "period_end": "2025-01-07 15:00:00",
        "is_closed": true,
        "datetime": "2025-01-07T00:00:00",
        "open": 18.09000015258789,
        "high": 18.329999923706055,
        "low": 17.950000762939453,
        "close": 18.309999465942383,
        "vol": 17270660,
        "amount": 319098592
      },
      {
        "period_end": "2025-01-08 15:00:00",
        "is_closed": true,
        "datetime": "2025-01-08T00:00:00",
        "open": 18.219999313354492,
        "high": 18.559999465942383,
        "low": 17.649999618530273,
        "close": 18.3700008392334,
        "vol": 25163936,
        "amount": 464422976
      },
      {
        "period_end": "2025-01-09 15:00:00",
        "is_closed": true,
        "datetime": "2025-01-09T00:00:00",
        "open": 18.239999771118164,
        "high": 18.809999465942383,
        "low": 18.1299991607666,
        "close": 18.520000457763672,
        "vol": 19443084,
        "amount": 367699168
      },
      {
        "period_end": "2025-01-10 15:00:00",
        "is_closed": true,
        "datetime": "2025-01-10T00:00:00",
        "open": 18.5,
        "high": 18.65999984741211,
        "low": 17.860000610351562,
        "close": 17.889999389648438,
        "vol": 17222842,
        "amount": 320099584
      },
      {
        "period_end": "2025-01-13 15:00:00",
        "is_closed": true,
        "datetime": "2025-01-13T00:00:00",
        "open": 17.700000762939453,
        "high": 18.309999465942383,
        "low": 17.479999542236328,
        "close": 18.030000686645508,
        "vol": 16555793,
        "amount": 304432000
      },
      {
        "period_end": "2025-01-14 15:00:00",
        "is_closed": true,
        "datetime": "2025-01-14T00:00:00",
        "open": 18.079999923706055,
        "high": 19.360000610351562,
        "low": 18,
        "close": 19.229999542236328,
        "vol": 34562216,
        "amount": 662798016
      },
      {
        "period_end": "2025-01-15 15:00:00",
        "is_closed": true,
        "datetime": "2025-01-15T00:00:00",
        "open": 19.149999618530273,
        "high": 19.309999465942383,
        "low": 18.8799991607666,
        "close": 18.959999084472656,
        "vol": 18342490,
        "amount": 355767040
      },
      {
        "period_end": "2025-01-16 15:00:00",
        "is_closed": true,
        "datetime": "2025-01-16T00:00:00",
        "open": 19.06999969482422,
        "high": 19.40999984741211,
        "low": 18.639999389648438,
        "close": 18.860000610351562,
        "vol": 18565722,
        "amount": 359369888
      },
      {
        "period_end": "2025-01-17 15:00:00",
        "is_closed": true,
        "datetime": "2025-01-17T00:00:00",
        "open": 18.760000228881836,
        "high": 19.040000915527344,
        "low": 18.610000610351562,
        "close": 18.809999465942383,
        "vol": 14983399,
        "amount": 287026816
      },
      {
        "period_end": "2025-01-20 15:00:00",
        "is_closed": true,
        "datetime": "2025-01-20T00:00:00",
        "open": 19.110000610351562,
        "high": 19.739999771118164,
        "low": 19.059999465942383,
        "close": 19.459999084472656,
        "vol": 34017088,
        "amount": 672246848
      },
      {
        "period_end": "2025-01-21 15:00:00",
        "is_closed": true,
        "datetime": "2025-01-21T00:00:00",
        "open": 19.559999465942383,
        "high": 19.6299991607666,
        "low": 18.93000030517578,
        "close": 19.100000381469727,
        "vol": 20957600,
        "amount": 407788704
      },
      {
        "period_end": "2025-01-22 15:00:00",
        "is_closed": true,
        "datetime": "2025-01-22T00:00:00",
        "open": 18.940000534057617,
        "high": 19,
        "low": 18.68000030517578,
        "close": 18.780000686645508,
        "vol": 13738536,
        "amount": 263102816
      },
      {
        "period_end": "2025-01-23 15:00:00",
        "is_closed": true,
        "datetime": "2025-01-23T00:00:00",
        "open": 19.079999923706055,
        "high": 19.559999465942383,
        "low": 18.809999465942383,
        "close": 18.809999465942383,
        "vol": 21935304,
        "amount": 428428704
      },
      {
        "period_end": "2025-01-24 15:00:00",
        "is_closed": true,
        "datetime": "2025-01-24T00:00:00",
        "open": 18.889999389648438,
        "high": 19.809999465942383,
        "low": 18.709999084472656,
        "close": 19.540000915527344,
        "vol": 33581016,
        "amount": 663168448
      },
      {
        "period_end": "2025-01-27 15:00:00",
        "is_closed": true,
        "datetime": "2025-01-27T00:00:00",
        "open": 19.559999465942383,
        "high": 19.780000686645508,
        "low": 19.079999923706055,
        "close": 19.100000381469727,
        "vol": 17054500,
        "amount": 336327808
      },
      {
        "period_end": "2025-02-05 15:00:00",
        "is_closed": true,
        "datetime": "2025-02-05T00:00:00",
        "open": 18.8700008392334,
        "high": 19.06999969482422,
        "low": 18.639999389648438,
        "close": 18.739999771118164,
        "vol": 19813208,
        "amount": 379892448
      },
      {
        "period_end": "2025-02-06 15:00:00",
        "is_closed": true,
        "datetime": "2025-02-06T00:00:00",
        "open": 18.729999542236328,
        "high": 19.739999771118164,
        "low": 18.6200008392334,
        "close": 19.709999084472656,
        "vol": 33534096,
        "amount": 662728128
      },
      {
        "period_end": "2025-02-07 15:00:00",
        "is_closed": true,
        "datetime": "2025-02-07T00:00:00",
        "open": 19.780000686645508,
        "high": 20.3700008392334,
        "low": 19.65999984741211,
        "close": 20.100000381469727,
        "vol": 39150308,
        "amount": 798869056
      },
      {
        "period_end": "2025-02-10 15:00:00",
        "is_closed": true,
        "datetime": "2025-02-10T00:00:00",
        "open": 20.100000381469727,
        "high": 20.25,
        "low": 19.65999984741211,
        "close": 20.190000534057617,
        "vol": 29441984,
        "amount": 597724736
      },
      {
        "period_end": "2025-02-11 15:00:00",
        "is_closed": true,
        "datetime": "2025-02-11T00:00:00",
        "open": 20.1299991607666,
        "high": 20.1299991607666,
        "low": 19.690000534057617,
        "close": 19.81999969482422,
        "vol": 20686442,
        "amount": 417093600
      },
      {
        "period_end": "2025-02-12 15:00:00",
        "is_closed": true,
        "datetime": "2025-02-12T00:00:00",
        "open": 19.780000686645508,
        "high": 20.649999618530273,
        "low": 19.709999084472656,
        "close": 20.540000915527344,
        "vol": 37960708,
        "amount": 780350464
      },
      {
        "period_end": "2025-02-13 15:00:00",
        "is_closed": true,
        "datetime": "2025-02-13T00:00:00",
        "open": 20.579999923706055,
        "high": 21.06999969482422,
        "low": 20.56999969482422,
        "close": 20.610000610351562,
        "vol": 46249768,
        "amount": 979375808
      },
      {
        "period_end": "2025-02-14 15:00:00",
        "is_closed": true,
        "datetime": "2025-02-14T00:00:00",
        "open": 20.440000534057617,
        "high": 21.219999313354492,
        "low": 20.360000610351562,
        "close": 20.940000534057617,
        "vol": 40082764,
        "amount": 853849856
      },
      {
        "period_end": "2025-02-17 15:00:00",
        "is_closed": true,
        "datetime": "2025-02-17T00:00:00",
        "open": 20.899999618530273,
        "high": 20.899999618530273,
        "low": 20.34000015258789,
        "close": 20.610000610351562,
        "vol": 34801240,
        "amount": 727692800
      },
      {
        "period_end": "2025-02-18 15:00:00",
        "is_closed": true,
        "datetime": "2025-02-18T00:00:00",
        "open": 20.790000915527344,
        "high": 23.760000228881836,
        "low": 20.59000015258789,
        "close": 22.6200008392334,
        "vol": 132826496,
        "amount": 3014001152
      },
      {
        "period_end": "2025-02-19 15:00:00",
        "is_closed": true,
        "datetime": "2025-02-19T00:00:00",
        "open": 22.110000610351562,
        "high": 23.260000228881836,
        "low": 22.079999923706055,
        "close": 23.079999923706055,
        "vol": 98473680,
        "amount": 2280717568
      },
      {
        "period_end": "2025-02-20 15:00:00",
        "is_closed": true,
        "datetime": "2025-02-20T00:00:00",
        "open": 23.059999465942383,
        "high": 23.450000762939453,
        "low": 22.690000534057617,
        "close": 22.969999313354492,
        "vol": 65558644,
        "amount": 1532870272
      },
      {
        "period_end": "2025-02-21 15:00:00",
        "is_closed": true,
        "datetime": "2025-02-21T00:00:00",
        "open": 23.260000228881836,
        "high": 24.040000915527344,
        "low": 23.010000228881836,
        "close": 23.299999237060547,
        "vol": 83018176,
        "amount": 1979327488
      },
      {
        "period_end": "2025-02-24 15:00:00",
        "is_closed": true,
        "datetime": "2025-02-24T00:00:00",
        "open": 23.299999237060547,
        "high": 23.719999313354492,
        "low": 22.459999084472656,
        "close": 22.75,
        "vol": 60011120,
        "amount": 1395851904
      },
      {
        "period_end": "2025-02-25 15:00:00",
        "is_closed": true,
        "datetime": "2025-02-25T00:00:00",
        "open": 22.329999923706055,
        "high": 23.139999389648438,
        "low": 22.299999237060547,
        "close": 22.790000915527344,
        "vol": 45045416,
        "amount": 1042862528
      },
      {
        "period_end": "2025-02-26 15:00:00",
        "is_closed": true,
        "datetime": "2025-02-26T00:00:00",
        "open": 23.010000228881836,
        "high": 23.6299991607666,
        "low": 22.790000915527344,
        "close": 23.170000076293945,
        "vol": 56621848,
        "amount": 1333983616
      },
      {
        "period_end": "2025-02-27 15:00:00",
        "is_closed": true,
        "datetime": "2025-02-27T00:00:00",
        "open": 23.309999465942383,
        "high": 24.15999984741211,
        "low": 23.170000076293945,
        "close": 23.760000228881836,
        "vol": 90039192,
        "amount": 2161781504
      },
      {
        "period_end": "2025-02-28 15:00:00",
        "is_closed": true,
        "datetime": "2025-02-28T00:00:00",
        "open": 23.459999084472656,
        "high": 23.950000762939453,
        "low": 22.440000534057617,
        "close": 22.530000686645508,
        "vol": 61520872,
        "amount": 1443882240
      },
      {
        "period_end": "2025-03-03 15:00:00",
        "is_closed": true,
        "datetime": "2025-03-03T00:00:00",
        "open": 22.760000228881836,
        "high": 24.65999984741211,
        "low": 22.760000228881836,
        "close": 23.850000381469727,
        "vol": 97978216,
        "amount": 2380622592
      },
      {
        "period_end": "2025-03-04 15:00:00",
        "is_closed": true,
        "datetime": "2025-03-04T00:00:00",
        "open": 23.389999389648438,
        "high": 23.559999465942383,
        "low": 22.540000915527344,
        "close": 23.440000534057617,
        "vol": 59573896,
        "amount": 1393502976
      },
      {
        "period_end": "2025-03-05 15:00:00",
        "is_closed": true,
        "datetime": "2025-03-05T00:00:00",
        "open": 23.25,
        "high": 23.459999084472656,
        "low": 22.690000534057617,
        "close": 23.059999465942383,
        "vol": 36194380,
        "amount": 844763520
      },
      {
        "period_end": "2025-03-06 15:00:00",
        "is_closed": true,
        "datetime": "2025-03-06T00:00:00",
        "open": 23.139999389648438,
        "high": 23.350000381469727,
        "low": 22.959999084472656,
        "close": 23.1200008392334,
        "vol": 42485324,
        "amount": 997308352
      },
      {
        "period_end": "2025-03-07 15:00:00",
        "is_closed": true,
        "datetime": "2025-03-07T00:00:00",
        "open": 22.90999984741211,
        "high": 22.920000076293945,
        "low": 22.440000534057617,
        "close": 22.6299991607666,
        "vol": 35157120,
        "amount": 809289920
      },
      {
        "period_end": "2025-03-10 15:00:00",
        "is_closed": true,
        "datetime": "2025-03-10T00:00:00",
        "open": 22.56999969482422,
        "high": 23.020000457763672,
        "low": 22.459999084472656,
        "close": 22.790000915527344,
        "vol": 25903244,
        "amount": 598770368
      },
      {
        "period_end": "2025-03-11 15:00:00",
        "is_closed": true,
        "datetime": "2025-03-11T00:00:00",
        "open": 22.360000610351562,
        "high": 22.920000076293945,
        "low": 22.229999542236328,
        "close": 22.899999618530273,
        "vol": 28343448,
        "amount": 647281600
      },
      {
        "period_end": "2025-03-12 15:00:00",
        "is_closed": true,
        "datetime": "2025-03-12T00:00:00",
        "open": 22.899999618530273,
        "high": 23.989999771118164,
        "low": 22.780000686645508,
        "close": 23.6299991607666,
        "vol": 57269496,
        "amount": 1364551808
      },
      {
        "period_end": "2025-03-13 15:00:00",
        "is_closed": true,
        "datetime": "2025-03-13T00:00:00",
        "open": 23.639999389648438,
        "high": 23.700000762939453,
        "low": 23,
        "close": 23.239999771118164,
        "vol": 30238938,
        "amount": 713660416
      },
      {
        "period_end": "2025-03-14 15:00:00",
        "is_closed": true,
        "datetime": "2025-03-14T00:00:00",
        "open": 23.270000457763672,
        "high": 23.360000610351562,
        "low": 22.690000534057617,
        "close": 23.200000762939453,
        "vol": 29610434,
        "amount": 694422784
      },
      {
        "period_end": "2025-03-17 15:00:00",
        "is_closed": true,
        "datetime": "2025-03-17T00:00:00",
        "open": 23.200000762939453,
        "high": 23.280000686645508,
        "low": 22.770000457763672,
        "close": 22.829999923706055,
        "vol": 24444522,
        "amount": 568683520
      },
      {
        "period_end": "2025-03-18 15:00:00",
        "is_closed": true,
        "datetime": "2025-03-18T00:00:00",
        "open": 23.1200008392334,
        "high": 23.399999618530273,
        "low": 22.829999923706055,
        "close": 22.979999542236328,
        "vol": 26273524,
        "amount": 616485056
      },
      {
        "period_end": "2025-03-19 15:00:00",
        "is_closed": true,
        "datetime": "2025-03-19T00:00:00",
        "open": 22.81999969482422,
        "high": 22.8799991607666,
        "low": 22.469999313354492,
        "close": 22.56999969482422,
        "vol": 22951440,
        "amount": 526981248
      },
      {
        "period_end": "2025-03-20 15:00:00",
        "is_closed": true,
        "datetime": "2025-03-20T00:00:00",
        "open": 22.479999542236328,
        "high": 22.6299991607666,
        "low": 22.270000457763672,
        "close": 22.329999923706055,
        "vol": 17811308,
        "amount": 404933824
      },
      {
        "period_end": "2025-03-21 15:00:00",
        "is_closed": true,
        "datetime": "2025-03-21T00:00:00",
        "open": 22.260000228881836,
        "high": 22.459999084472656,
        "low": 21.670000076293945,
        "close": 21.75,
        "vol": 25243932,
        "amount": 564285120
      },
      {
        "period_end": "2025-03-24 15:00:00",
        "is_closed": true,
        "datetime": "2025-03-24T00:00:00",
        "open": 21.739999771118164,
        "high": 21.860000610351562,
        "low": 20.889999389648438,
        "close": 21.3700008392334,
        "vol": 24658380,
        "amount": 533280960
      },
      {
        "period_end": "2025-03-25 15:00:00",
        "is_closed": true,
        "datetime": "2025-03-25T00:00:00",
        "open": 21.40999984741211,
        "high": 21.6299991607666,
        "low": 21.110000610351562,
        "close": 21.239999771118164,
        "vol": 15208921,
        "amount": 329327968
      },
      {
        "period_end": "2025-03-26 15:00:00",
        "is_closed": true,
        "datetime": "2025-03-26T00:00:00",
        "open": 21.190000534057617,
        "high": 21.530000686645508,
        "low": 21.149999618530273,
        "close": 21.149999618530273,
        "vol": 13686386,
        "amount": 296220512
      },
      {
        "period_end": "2025-03-27 15:00:00",
        "is_closed": true,
        "datetime": "2025-03-27T00:00:00",
        "open": 21.149999618530273,
        "high": 21.3700008392334,
        "low": 20.790000915527344,
        "close": 21.260000228881836,
        "vol": 15697678,
        "amount": 336937856
      },
      {
        "period_end": "2025-03-28 15:00:00",
        "is_closed": true,
        "datetime": "2025-03-28T00:00:00",
        "open": 21.25,
        "high": 21.489999771118164,
        "low": 21,
        "close": 21.110000610351562,
        "vol": 11459607,
        "amount": 246837696
      },
      {
        "period_end": "2025-03-31 15:00:00",
        "is_closed": true,
        "datetime": "2025-03-31T00:00:00",
        "open": 20.969999313354492,
        "high": 21.010000228881836,
        "low": 20.31999969482422,
        "close": 20.690000534057617,
        "vol": 19776480,
        "amount": 414109408
      },
      {
        "period_end": "2025-04-01 15:00:00",
        "is_closed": true,
        "datetime": "2025-04-01T00:00:00",
        "open": 20.709999084472656,
        "high": 20.850000381469727,
        "low": 20.56999969482422,
        "close": 20.579999923706055,
        "vol": 9805664,
        "amount": 206362528
      },
      {
        "period_end": "2025-04-02 15:00:00",
        "is_closed": true,
        "datetime": "2025-04-02T00:00:00",
        "open": 20.65999984741211,
        "high": 20.860000610351562,
        "low": 20.540000915527344,
        "close": 20.610000610351562,
        "vol": 10164174,
        "amount": 213600176
      },
      {
        "period_end": "2025-04-03 15:00:00",
        "is_closed": true,
        "datetime": "2025-04-03T00:00:00",
        "open": 20.360000610351562,
        "high": 20.84000015258789,
        "low": 20.270000457763672,
        "close": 20.40999984741211,
        "vol": 13090695,
        "amount": 272704704
      },
      {
        "period_end": "2025-04-07 15:00:00",
        "is_closed": true,
        "datetime": "2025-04-07T00:00:00",
        "open": 19.059999465942383,
        "high": 19.059999465942383,
        "low": 16.459999084472656,
        "close": 16.959999084472656,
        "vol": 48538452,
        "amount": 873073664
      },
      {
        "period_end": "2025-04-08 15:00:00",
        "is_closed": true,
        "datetime": "2025-04-08T00:00:00",
        "open": 17.350000381469727,
        "high": 17.899999618530273,
        "low": 16.920000076293945,
        "close": 17.280000686645508,
        "vol": 28041462,
        "amount": 496287872
      },
      {
        "period_end": "2025-04-09 15:00:00",
        "is_closed": true,
        "datetime": "2025-04-09T00:00:00",
        "open": 16.969999313354492,
        "high": 17.780000686645508,
        "low": 16.420000076293945,
        "close": 17.56999969482422,
        "vol": 27879920,
        "amount": 490970368
      },
      {
        "period_end": "2025-04-10 15:00:00",
        "is_closed": true,
        "datetime": "2025-04-10T00:00:00",
        "open": 18.190000534057617,
        "high": 18.600000381469727,
        "low": 17.969999313354492,
        "close": 18.18000030517578,
        "vol": 27769816,
        "amount": 517982592
      },
      {
        "period_end": "2025-04-11 15:00:00",
        "is_closed": true,
        "datetime": "2025-04-11T00:00:00",
        "open": 18.059999465942383,
        "high": 18.549999237060547,
        "low": 17.969999313354492,
        "close": 18.309999465942383,
        "vol": 15774878,
        "amount": 294236384
      },
      {
        "period_end": "2025-04-14 15:00:00",
        "is_closed": true,
        "datetime": "2025-04-14T00:00:00",
        "open": 18.68000030517578,
        "high": 18.809999465942383,
        "low": 18.329999923706055,
        "close": 18.350000381469727,
        "vol": 13970462,
        "amount": 264263648
      },
      {
        "period_end": "2025-04-15 15:00:00",
        "is_closed": true,
        "datetime": "2025-04-15T00:00:00",
        "open": 18.360000610351562,
        "high": 19.260000228881836,
        "low": 18.290000915527344,
        "close": 19.030000686645508,
        "vol": 32131812,
        "amount": 619785920
      },
      {
        "period_end": "2025-04-16 15:00:00",
        "is_closed": true,
        "datetime": "2025-04-16T00:00:00",
        "open": 18.959999084472656,
        "high": 19.459999084472656,
        "low": 18.860000610351562,
        "close": 19.25,
        "vol": 22310944,
        "amount": 436079776
      },
      {
        "period_end": "2025-04-17 15:00:00",
        "is_closed": true,
        "datetime": "2025-04-17T00:00:00",
        "open": 19.059999465942383,
        "high": 19.31999969482422,
        "low": 18.90999984741211,
        "close": 18.979999542236328,
        "vol": 13783000,
        "amount": 268207744
      },
      {
        "period_end": "2025-04-18 15:00:00",
        "is_closed": true,
        "datetime": "2025-04-18T00:00:00",
        "open": 18.920000076293945,
        "high": 19.15999984741211,
        "low": 18.739999771118164,
        "close": 19.079999923706055,
        "vol": 9730498,
        "amount": 187803104
      },
      {
        "period_end": "2025-04-21 15:00:00",
        "is_closed": true,
        "datetime": "2025-04-21T00:00:00",
        "open": 19.030000686645508,
        "high": 19.209999084472656,
        "low": 18.84000015258789,
        "close": 19.139999389648438,
        "vol": 9665908,
        "amount": 187757872
      },
      {
        "period_end": "2025-04-22 15:00:00",
        "is_closed": true,
        "datetime": "2025-04-22T00:00:00",
        "open": 19.09000015258789,
        "high": 19.219999313354492,
        "low": 18.84000015258789,
        "close": 18.850000381469727,
        "vol": 11441875,
        "amount": 221250320
      },
      {
        "period_end": "2025-04-23 15:00:00",
        "is_closed": true,
        "datetime": "2025-04-23T00:00:00",
        "open": 19.079999923706055,
        "high": 19.149999618530273,
        "low": 18.729999542236328,
        "close": 18.850000381469727,
        "vol": 12966953,
        "amount": 249245984
      },
      {
        "period_end": "2025-04-24 15:00:00",
        "is_closed": true,
        "datetime": "2025-04-24T00:00:00",
        "open": 18.850000381469727,
        "high": 19.010000228881836,
        "low": 18.469999313354492,
        "close": 18.5,
        "vol": 12150726,
        "amount": 230902800
      },
      {
        "period_end": "2025-04-25 15:00:00",
        "is_closed": true,
        "datetime": "2025-04-25T00:00:00",
        "open": 18.459999084472656,
        "high": 18.600000381469727,
        "low": 18.31999969482422,
        "close": 18.350000381469727,
        "vol": 10697841,
        "amount": 200940656
      },
      {
        "period_end": "2025-04-28 15:00:00",
        "is_closed": true,
        "datetime": "2025-04-28T00:00:00",
        "open": 18.309999465942383,
        "high": 18.34000015258789,
        "low": 18.010000228881836,
        "close": 18.049999237060547,
        "vol": 9793275,
        "amount": 181037936
      },
      {
        "period_end": "2025-04-29 15:00:00",
        "is_closed": true,
        "datetime": "2025-04-29T00:00:00",
        "open": 18.25,
        "high": 19.309999465942383,
        "low": 18.239999771118164,
        "close": 19.09000015258789,
        "vol": 30711808,
        "amount": 591653888
      },
      {
        "period_end": "2025-04-30 15:00:00",
        "is_closed": true,
        "datetime": "2025-04-30T00:00:00",
        "open": 19.110000610351562,
        "high": 19.68000030517578,
        "low": 18.979999542236328,
        "close": 19.579999923706055,
        "vol": 21254408,
        "amount": 421652768
      },
      {
        "period_end": "2025-05-06 15:00:00",
        "is_closed": true,
        "datetime": "2025-05-06T00:00:00",
        "open": 19.690000534057617,
        "high": 19.90999984741211,
        "low": 19.530000686645508,
        "close": 19.8700008392334,
        "vol": 16235080,
        "amount": 326715040
      },
      {
        "period_end": "2025-05-07 15:00:00",
        "is_closed": true,
        "datetime": "2025-05-07T00:00:00",
        "open": 20.110000610351562,
        "high": 20.209999084472656,
        "low": 19.56999969482422,
        "close": 19.719999313354492,
        "vol": 14528340,
        "amount": 293104320
      },
      {
        "period_end": "2025-05-08 15:00:00",
        "is_closed": true,
        "datetime": "2025-05-08T00:00:00",
        "open": 19.709999084472656,
        "high": 20.1299991607666,
        "low": 19.649999618530273,
        "close": 19.979999542236328,
        "vol": 14610218,
        "amount": 296530720
      },
      {
        "period_end": "2025-05-09 15:00:00",
        "is_closed": true,
        "datetime": "2025-05-09T00:00:00",
        "open": 19.950000762939453,
        "high": 19.950000762939453,
        "low": 19.520000457763672,
        "close": 19.65999984741211,
        "vol": 12329647,
        "amount": 246867936
      },
      {
        "period_end": "2025-05-12 15:00:00",
        "is_closed": true,
        "datetime": "2025-05-12T00:00:00",
        "open": 20.110000610351562,
        "high": 20.639999389648438,
        "low": 20.020000457763672,
        "close": 20.56999969482422,
        "vol": 23809114,
        "amount": 491408736
      },
      {
        "period_end": "2025-05-13 15:00:00",
        "is_closed": true,
        "datetime": "2025-05-13T00:00:00",
        "open": 20.899999618530273,
        "high": 20.920000076293945,
        "low": 20.459999084472656,
        "close": 20.639999389648438,
        "vol": 19268824,
        "amount": 405168224
      },
      {
        "period_end": "2025-05-14 15:00:00",
        "is_closed": true,
        "datetime": "2025-05-14T00:00:00",
        "open": 20.520000457763672,
        "high": 20.690000534057617,
        "low": 20.360000610351562,
        "close": 20.479999542236328,
        "vol": 13743429,
        "amount": 286112800
      },
      {
        "period_end": "2025-05-15 15:00:00",
        "is_closed": true,
        "datetime": "2025-05-15T00:00:00",
        "open": 20.479999542236328,
        "high": 20.479999542236328,
        "low": 20.020000457763672,
        "close": 20.020000457763672,
        "vol": 10934870,
        "amount": 224202000
      },
      {
        "period_end": "2025-05-16 15:00:00",
        "is_closed": true,
        "datetime": "2025-05-16T00:00:00",
        "open": 19.989999771118164,
        "high": 20.329999923706055,
        "low": 19.959999084472656,
        "close": 20.110000610351562,
        "vol": 9526776,
        "amount": 195737904
      },
      {
        "period_end": "2025-05-19 15:00:00",
        "is_closed": true,
        "datetime": "2025-05-19T00:00:00",
        "open": 20.170000076293945,
        "high": 20.31999969482422,
        "low": 19.729999542236328,
        "close": 19.940000534057617,
        "vol": 11227854,
        "amount": 227387872
      },
      {
        "period_end": "2025-05-20 15:00:00",
        "is_closed": true,
        "datetime": "2025-05-20T00:00:00",
        "open": 20.010000228881836,
        "high": 20.1200008392334,
        "low": 19.739999771118164,
        "close": 19.940000534057617,
        "vol": 11396359,
        "amount": 230901936
      },
      {
        "period_end": "2025-05-21 15:00:00",
        "is_closed": true,
        "datetime": "2025-05-21T00:00:00",
        "open": 19.940000534057617,
        "high": 21.139999389648438,
        "low": 19.799999237060547,
        "close": 20.600000381469727,
        "vol": 41125244,
        "amount": 864223424
      },
      {
        "period_end": "2025-05-22 15:00:00",
        "is_closed": true,
        "datetime": "2025-05-22T00:00:00",
        "open": 20.459999084472656,
        "high": 20.899999618530273,
        "low": 20.170000076293945,
        "close": 20.690000534057617,
        "vol": 25443312,
        "amount": 529359328
      },
      {
        "period_end": "2025-05-23 15:00:00",
        "is_closed": true,
        "datetime": "2025-05-23T00:00:00",
        "open": 20.489999771118164,
        "high": 20.989999771118164,
        "low": 20.3799991607666,
        "close": 20.40999984741211,
        "vol": 19655714,
        "amount": 413821120
      },
      {
        "period_end": "2025-05-26 15:00:00",
        "is_closed": true,
        "datetime": "2025-05-26T00:00:00",
        "open": 20.280000686645508,
        "high": 20.40999984741211,
        "low": 19.84000015258789,
        "close": 20,
        "vol": 18904536,
        "amount": 385344384
      },
      {
        "period_end": "2025-05-27 15:00:00",
        "is_closed": true,
        "datetime": "2025-05-27T00:00:00",
        "open": 19.989999771118164,
        "high": 20.350000381469727,
        "low": 19.709999084472656,
        "close": 20.040000915527344,
        "vol": 15472890,
        "amount": 314536608
      },
      {
        "period_end": "2025-05-28 15:00:00",
        "is_closed": true,
        "datetime": "2025-05-28T00:00:00",
        "open": 19.969999313354492,
        "high": 20.06999969482422,
        "low": 19.399999618530273,
        "close": 19.450000762939453,
        "vol": 16398563,
        "amount": 327517280
      },
      {
        "period_end": "2025-05-29 15:00:00",
        "is_closed": true,
        "datetime": "2025-05-29T00:00:00",
        "open": 19.40999984741211,
        "high": 19.8700008392334,
        "low": 19.40999984741211,
        "close": 19.739999771118164,
        "vol": 12509705,
        "amount": 251049200
      },
      {
        "period_end": "2025-05-30 15:00:00",
        "is_closed": true,
        "datetime": "2025-05-30T00:00:00",
        "open": 19.75,
        "high": 19.860000610351562,
        "low": 19.549999237060547,
        "close": 19.59000015258789,
        "vol": 13734658,
        "amount": 274520864
      },
      {
        "period_end": "2025-06-03 15:00:00",
        "is_closed": true,
        "datetime": "2025-06-03T00:00:00",
        "open": 19.559999465942383,
        "high": 19.889999389648438,
        "low": 19.239999771118164,
        "close": 19.329999923706055,
        "vol": 18436096,
        "amount": 364502496
      },
      {
        "period_end": "2025-06-04 15:00:00",
        "is_closed": true,
        "datetime": "2025-06-04T00:00:00",
        "open": 19.329999923706055,
        "high": 19.809999465942383,
        "low": 19.299999237060547,
        "close": 19.709999084472656,
        "vol": 18946996,
        "amount": 377928288
      },
      {
        "period_end": "2025-06-05 15:00:00",
        "is_closed": true,
        "datetime": "2025-06-05T00:00:00",
        "open": 19.700000762939453,
        "high": 19.739999771118164,
        "low": 19.479999542236328,
        "close": 19.68000030517578,
        "vol": 14423521,
        "amount": 287678336
      },
      {
        "period_end": "2025-06-06 15:00:00",
        "is_closed": true,
        "datetime": "2025-06-06T00:00:00",
        "open": 19.65999984741211,
        "high": 20.190000534057617,
        "low": 19.579999923706055,
        "close": 19.65999984741211,
        "vol": 21837792,
        "amount": 441865184
      },
      {
        "period_end": "2025-06-09 15:00:00",
        "is_closed": true,
        "datetime": "2025-06-09T00:00:00",
        "open": 19.719999313354492,
        "high": 21.549999237060547,
        "low": 19.670000076293945,
        "close": 21.309999465942383,
        "vol": 68878504,
        "amount": 1458840448
      },
      {
        "period_end": "2025-06-10 15:00:00",
        "is_closed": true,
        "datetime": "2025-06-10T00:00:00",
        "open": 21.350000381469727,
        "high": 21.809999465942383,
        "low": 20.940000534057617,
        "close": 21.15999984741211,
        "vol": 52675484,
        "amount": 1142999680
      },
      {
        "period_end": "2025-06-11 15:00:00",
        "is_closed": true,
        "datetime": "2025-06-11T00:00:00",
        "open": 21.059999465942383,
        "high": 21.75,
        "low": 20.940000534057617,
        "close": 20.959999084472656,
        "vol": 28263338,
        "amount": 607888128
      },
      {
        "period_end": "2025-06-12 15:00:00",
        "is_closed": true,
        "datetime": "2025-06-12T00:00:00",
        "open": 21,
        "high": 21.40999984741211,
        "low": 20.649999618530273,
        "close": 21.149999618530273,
        "vol": 37490992,
        "amount": 803022784
      },
      {
        "period_end": "2025-06-13 15:00:00",
        "is_closed": true,
        "datetime": "2025-06-13T00:00:00",
        "open": 21.020000457763672,
        "high": 22.260000228881836,
        "low": 20.90999984741211,
        "close": 21.65999984741211,
        "vol": 98623104,
        "amount": 2187396352
      },
      {
        "period_end": "2025-06-16 15:00:00",
        "is_closed": true,
        "datetime": "2025-06-16T00:00:00",
        "open": 21.709999084472656,
        "high": 22.280000686645508,
        "low": 21.459999084472656,
        "close": 22.190000534057617,
        "vol": 51475412,
        "amount": 1147071488
      },
      {
        "period_end": "2025-06-17 15:00:00",
        "is_closed": true,
        "datetime": "2025-06-17T00:00:00",
        "open": 22.25,
        "high": 22.8799991607666,
        "low": 22.149999618530273,
        "close": 22.440000534057617,
        "vol": 64841240,
        "amount": 1483296768
      },
      {
        "period_end": "2025-06-18 15:00:00",
        "is_closed": true,
        "datetime": "2025-06-18T00:00:00",
        "open": 22.219999313354492,
        "high": 22.760000228881836,
        "low": 22.020000457763672,
        "close": 22.549999237060547,
        "vol": 44663720,
        "amount": 1014026880
      },
      {
        "period_end": "2025-06-19 15:00:00",
        "is_closed": true,
        "datetime": "2025-06-19T00:00:00",
        "open": 22.420000076293945,
        "high": 23.110000610351562,
        "low": 22.040000915527344,
        "close": 22.190000534057617,
        "vol": 51902228,
        "amount": 1186418432
      },
      {
        "period_end": "2025-06-20 15:00:00",
        "is_closed": true,
        "datetime": "2025-06-20T00:00:00",
        "open": 22.290000915527344,
        "high": 22.809999465942383,
        "low": 22.139999389648438,
        "close": 22.18000030517578,
        "vol": 38646044,
        "amount": 878823104
      },
      {
        "period_end": "2025-06-23 15:00:00",
        "is_closed": true,
        "datetime": "2025-06-23T00:00:00",
        "open": 21.979999542236328,
        "high": 23.1299991607666,
        "low": 21.969999313354492,
        "close": 22.889999389648438,
        "vol": 54551132,
        "amount": 1261666432
      },
      {
        "period_end": "2025-06-24 15:00:00",
        "is_closed": true,
        "datetime": "2025-06-24T00:00:00",
        "open": 23.100000381469727,
        "high": 24.1299991607666,
        "low": 22.809999465942383,
        "close": 23.920000076293945,
        "vol": 84330968,
        "amount": 2013379584
      },
      {
        "period_end": "2025-06-25 15:00:00",
        "is_closed": true,
        "datetime": "2025-06-25T00:00:00",
        "open": 23.889999389648438,
        "high": 25.110000610351562,
        "low": 23.68000030517578,
        "close": 24.600000381469727,
        "vol": 89865584,
        "amount": 2229088768
      },
      {
        "period_end": "2025-06-26 15:00:00",
        "is_closed": true,
        "datetime": "2025-06-26T00:00:00",
        "open": 24.540000915527344,
        "high": 25.399999618530273,
        "low": 24.399999618530273,
        "close": 24.59000015258789,
        "vol": 78744440,
        "amount": 1976964608
      },
      {
        "period_end": "2025-06-27 15:00:00",
        "is_closed": true,
        "datetime": "2025-06-27T00:00:00",
        "open": 24.709999084472656,
        "high": 25.34000015258789,
        "low": 24.43000030517578,
        "close": 24.489999771118164,
        "vol": 60444264,
        "amount": 1520022912
      },
      {
        "period_end": "2025-06-30 15:00:00",
        "is_closed": true,
        "datetime": "2025-06-30T00:00:00",
        "open": 24.399999618530273,
        "high": 24.649999618530273,
        "low": 23.940000534057617,
        "close": 24.510000228881836,
        "vol": 51736792,
        "amount": 1273607680
      },
      {
        "period_end": "2025-07-01 15:00:00",
        "is_closed": true,
        "datetime": "2025-07-01T00:00:00",
        "open": 24.510000228881836,
        "high": 24.649999618530273,
        "low": 23.729999542236328,
        "close": 24.270000457763672,
        "vol": 42470592,
        "amount": 1037299648
      },
      {
        "period_end": "2025-07-02 15:00:00",
        "is_closed": true,
        "datetime": "2025-07-02T00:00:00",
        "open": 24.190000534057617,
        "high": 24.209999084472656,
        "low": 23.440000534057617,
        "close": 23.610000610351562,
        "vol": 43941344,
        "amount": 1052296192
      },
      {
        "period_end": "2025-07-03 15:00:00",
        "is_closed": true,
        "datetime": "2025-07-03T00:00:00",
        "open": 23.600000381469727,
        "high": 24.170000076293945,
        "low": 23.290000915527344,
        "close": 23.979999542236328,
        "vol": 41965000,
        "amount": 1007822656
      },
      {
        "period_end": "2025-07-04 15:00:00",
        "is_closed": true,
        "datetime": "2025-07-04T00:00:00",
        "open": 23.850000381469727,
        "high": 23.959999084472656,
        "low": 23.329999923706055,
        "close": 23.670000076293945,
        "vol": 27175780,
        "amount": 650278080
      },
      {
        "period_end": "2025-07-07 15:00:00",
        "is_closed": true,
        "datetime": "2025-07-07T00:00:00",
        "open": 23.690000534057617,
        "high": 23.889999389648438,
        "low": 23.360000610351562,
        "close": 23.450000762939453,
        "vol": 21022948,
        "amount": 500965280
      },
      {
        "period_end": "2025-07-08 15:00:00",
        "is_closed": true,
        "datetime": "2025-07-08T00:00:00",
        "open": 23.459999084472656,
        "high": 24,
        "low": 23.360000610351562,
        "close": 24,
        "vol": 34740648,
        "amount": 837145984
      },
      {
        "period_end": "2025-07-09 15:00:00",
        "is_closed": true,
        "datetime": "2025-07-09T00:00:00",
        "open": 24.030000686645508,
        "high": 24.059999465942383,
        "low": 23.56999969482422,
        "close": 23.719999313354492,
        "vol": 32494298,
        "amount": 782306368
      },
      {
        "period_end": "2025-07-10 15:00:00",
        "is_closed": true,
        "datetime": "2025-07-10T00:00:00",
        "open": 23.420000076293945,
        "high": 24.309999465942383,
        "low": 23.420000076293945,
        "close": 23.940000534057617,
        "vol": 37665472,
        "amount": 916103488
      },
      {
        "period_end": "2025-07-11 15:00:00",
        "is_closed": true,
        "datetime": "2025-07-11T00:00:00",
        "open": 23.889999389648438,
        "high": 24.06999969482422,
        "low": 23.68000030517578,
        "close": 23.68000030517578,
        "vol": 29389572,
        "amount": 709986816
      },
      {
        "period_end": "2025-07-14 15:00:00",
        "is_closed": true,
        "datetime": "2025-07-14T00:00:00",
        "open": 23.6299991607666,
        "high": 24.1299991607666,
        "low": 23.549999237060547,
        "close": 23.84000015258789,
        "vol": 25690476,
        "amount": 621555648
      },
      {
        "period_end": "2025-07-15 15:00:00",
        "is_closed": true,
        "datetime": "2025-07-15T00:00:00",
        "open": 23.739999771118164,
        "high": 24.1299991607666,
        "low": 23.239999771118164,
        "close": 23.700000762939453,
        "vol": 32142132,
        "amount": 768932928
      },
      {
        "period_end": "2025-07-16 15:00:00",
        "is_closed": true,
        "datetime": "2025-07-16T00:00:00",
        "open": 23.600000381469727,
        "high": 23.850000381469727,
        "low": 23.479999542236328,
        "close": 23.75,
        "vol": 20907622,
        "amount": 500588928
      },
      {
        "period_end": "2025-07-17 15:00:00",
        "is_closed": true,
        "datetime": "2025-07-17T00:00:00",
        "open": 23.75,
        "high": 24.65999984741211,
        "low": 23.600000381469727,
        "close": 24.5,
        "vol": 44323016,
        "amount": 1086311168
      },
      {
        "period_end": "2025-07-18 15:00:00",
        "is_closed": true,
        "datetime": "2025-07-18T00:00:00",
        "open": 24.559999465942383,
        "high": 25.350000381469727,
        "low": 24.530000686645508,
        "close": 24.940000534057617,
        "vol": 47639104,
        "amount": 1204304000
      },
      {
        "period_end": "2025-07-21 15:00:00",
        "is_closed": true,
        "datetime": "2025-07-21T00:00:00",
        "open": 24.959999084472656,
        "high": 25.049999237060547,
        "low": 24.520000457763672,
        "close": 24.93000030517578,
        "vol": 31977240,
        "amount": 802625728
      },
      {
        "period_end": "2025-07-22 15:00:00",
        "is_closed": true,
        "datetime": "2025-07-22T00:00:00",
        "open": 24.739999771118164,
        "high": 26.8799991607666,
        "low": 24.739999771118164,
        "close": 26.270000457763672,
        "vol": 80883896,
        "amount": 2136929536
      },
      {
        "period_end": "2025-07-23 15:00:00",
        "is_closed": true,
        "datetime": "2025-07-23T00:00:00",
        "open": 26.110000610351562,
        "high": 26.200000762939453,
        "low": 25.600000381469727,
        "close": 25.75,
        "vol": 40132704,
        "amount": 1050547648
      },
      {
        "period_end": "2025-07-24 15:00:00",
        "is_closed": true,
        "datetime": "2025-07-24T00:00:00",
        "open": 25.709999084472656,
        "high": 26.610000610351562,
        "low": 25.709999084472656,
        "close": 26.420000076293945,
        "vol": 46242292,
        "amount": 1225473792
      },
      {
        "period_end": "2025-07-25 15:00:00",
        "is_closed": true,
        "datetime": "2025-07-25T00:00:00",
        "open": 26.479999542236328,
        "high": 26.6299991607666,
        "low": 26.110000610351562,
        "close": 26.229999542236328,
        "vol": 32261968,
        "amount": 858548160
      },
      {
        "period_end": "2025-07-28 15:00:00",
        "is_closed": true,
        "datetime": "2025-07-28T00:00:00",
        "open": 26.06999969482422,
        "high": 26.770000457763672,
        "low": 25.690000534057617,
        "close": 26.260000228881836,
        "vol": 37450164,
        "amount": 996942272
      },
      {
        "period_end": "2025-07-29 15:00:00",
        "is_closed": true,
        "datetime": "2025-07-29T00:00:00",
        "open": 26.209999084472656,
        "high": 26.959999084472656,
        "low": 25.989999771118164,
        "close": 26.440000534057617,
        "vol": 43934448,
        "amount": 1179783808
      },
      {
        "period_end": "2025-07-30 15:00:00",
        "is_closed": true,
        "datetime": "2025-07-30T00:00:00",
        "open": 26.389999389648438,
        "high": 26.5,
        "low": 25.309999465942383,
        "close": 25.709999084472656,
        "vol": 48879160,
        "amount": 1275794944
      },
      {
        "period_end": "2025-07-31 15:00:00",
        "is_closed": true,
        "datetime": "2025-07-31T00:00:00",
        "open": 25.559999465942383,
        "high": 26.020000457763672,
        "low": 24.969999313354492,
        "close": 25.170000076293945,
        "vol": 39178736,
        "amount": 1009267200
      },
      {
        "period_end": "2025-08-01 15:00:00",
        "is_closed": true,
        "datetime": "2025-08-01T00:00:00",
        "open": 25.170000076293945,
        "high": 25.68000030517578,
        "low": 25.139999389648438,
        "close": 25.25,
        "vol": 24012026,
        "amount": 616049472
      },
      {
        "period_end": "2025-08-04 15:00:00",
        "is_closed": true,
        "datetime": "2025-08-04T00:00:00",
        "open": 25.110000610351562,
        "high": 25.459999084472656,
        "low": 24.93000030517578,
        "close": 25.43000030517578,
        "vol": 20904036,
        "amount": 533978368
      },
      {
        "period_end": "2025-08-05 15:00:00",
        "is_closed": true,
        "datetime": "2025-08-05T00:00:00",
        "open": 25.559999465942383,
        "high": 25.790000915527344,
        "low": 25.209999084472656,
        "close": 25.34000015258789,
        "vol": 21957756,
        "amount": 564647232
      },
      {
        "period_end": "2025-08-06 15:00:00",
        "is_closed": true,
        "datetime": "2025-08-06T00:00:00",
        "open": 25.329999923706055,
        "high": 26.09000015258789,
        "low": 25.110000610351562,
        "close": 26.059999465942383,
        "vol": 31339328,
        "amount": 815035456
      },
      {
        "period_end": "2025-08-07 15:00:00",
        "is_closed": true,
        "datetime": "2025-08-07T00:00:00",
        "open": 26.010000228881836,
        "high": 26.270000457763672,
        "low": 25.59000015258789,
        "close": 25.690000534057617,
        "vol": 26079960,
        "amount": 681609664
      },
      {
        "period_end": "2025-08-08 15:00:00",
        "is_closed": true,
        "datetime": "2025-08-08T00:00:00",
        "open": 25.670000076293945,
        "high": 26.079999923706055,
        "low": 25.420000076293945,
        "close": 25.510000228881836,
        "vol": 20186320,
        "amount": 524804128
      },
      {
        "period_end": "2025-08-11 15:00:00",
        "is_closed": true,
        "datetime": "2025-08-11T00:00:00",
        "open": 25.639999389648438,
        "high": 26.059999465942383,
        "low": 25.450000762939453,
        "close": 25.889999389648438,
        "vol": 26275576,
        "amount": 684682304
      },
      {
        "period_end": "2025-08-12 15:00:00",
        "is_closed": true,
        "datetime": "2025-08-12T00:00:00",
        "open": 25.8700008392334,
        "high": 26.610000610351562,
        "low": 25.329999923706055,
        "close": 26.559999465942383,
        "vol": 46087900,
        "amount": 1215609856
      },
      {
        "period_end": "2025-08-13 15:00:00",
        "is_closed": true,
        "datetime": "2025-08-13T00:00:00",
        "open": 26.3799991607666,
        "high": 26.729999542236328,
        "low": 26.1299991607666,
        "close": 26.25,
        "vol": 35304600,
        "amount": 941003072
      },
      {
        "period_end": "2025-08-14 15:00:00",
        "is_closed": true,
        "datetime": "2025-08-14T00:00:00",
        "open": 26.260000228881836,
        "high": 26.530000686645508,
        "low": 25.489999771118164,
        "close": 25.709999084472656,
        "vol": 32717030,
        "amount": 859365696
      },
      {
        "period_end": "2025-08-15 15:00:00",
        "is_closed": true,
        "datetime": "2025-08-15T00:00:00",
        "open": 25.540000915527344,
        "high": 26.309999465942383,
        "low": 25.540000915527344,
        "close": 26.270000457763672,
        "vol": 29663272,
        "amount": 780300992
      },
      {
        "period_end": "2025-08-18 15:00:00",
        "is_closed": true,
        "datetime": "2025-08-18T00:00:00",
        "open": 26.329999923706055,
        "high": 28.68000030517578,
        "low": 26.329999923706055,
        "close": 27.899999618530273,
        "vol": 75625304,
        "amount": 2110621824
      },
      {
        "period_end": "2025-08-19 15:00:00",
        "is_closed": true,
        "datetime": "2025-08-19T00:00:00",
        "open": 27.989999771118164,
        "high": 28.440000534057617,
        "low": 27.700000762939453,
        "close": 28.1299991607666,
        "vol": 49710556,
        "amount": 1411465088
      },
      {
        "period_end": "2025-08-20 15:00:00",
        "is_closed": true,
        "datetime": "2025-08-20T00:00:00",
        "open": 28.020000457763672,
        "high": 28.260000228881836,
        "low": 27.510000228881836,
        "close": 28.25,
        "vol": 37207492,
        "amount": 1047191552
      },
      {
        "period_end": "2025-08-21 15:00:00",
        "is_closed": true,
        "datetime": "2025-08-21T00:00:00",
        "open": 28.149999618530273,
        "high": 28.290000915527344,
        "low": 27.010000228881836,
        "close": 27.229999542236328,
        "vol": 41860796,
        "amount": 1163914368
      },
      {
        "period_end": "2025-08-22 15:00:00",
        "is_closed": true,
        "datetime": "2025-08-22T00:00:00",
        "open": 27.309999465942383,
        "high": 29.3799991607666,
        "low": 27.239999771118164,
        "close": 28.799999237060547,
        "vol": 61511028,
        "amount": 1753997696
      },
      {
        "period_end": "2025-08-25 15:00:00",
        "is_closed": true,
        "datetime": "2025-08-25T00:00:00",
        "open": 29.020000457763672,
        "high": 29.75,
        "low": 28.520000457763672,
        "close": 28.940000534057617,
        "vol": 55447548,
        "amount": 1623114624
      },
      {
        "period_end": "2025-08-26 15:00:00",
        "is_closed": true,
        "datetime": "2025-08-26T00:00:00",
        "open": 29.06999969482422,
        "high": 29.18000030517578,
        "low": 28.559999465942383,
        "close": 28.860000610351562,
        "vol": 31705426,
        "amount": 924442944
      },
      {
        "period_end": "2025-08-27 15:00:00",
        "is_closed": true,
        "datetime": "2025-08-27T00:00:00",
        "open": 28.6299991607666,
        "high": 29.889999389648438,
        "low": 28.6299991607666,
        "close": 28.729999542236328,
        "vol": 56077260,
        "amount": 1657172992
      },
      {
        "period_end": "2025-08-28 15:00:00",
        "is_closed": true,
        "datetime": "2025-08-28T00:00:00",
        "open": 28.700000762939453,
        "high": 29.510000228881836,
        "low": 28.110000610351562,
        "close": 29.299999237060547,
        "vol": 55159848,
        "amount": 1612338816
      },
      {
        "period_end": "2025-08-29 15:00:00",
        "is_closed": true,
        "datetime": "2025-08-29T00:00:00",
        "open": 30.989999771118164,
        "high": 35.220001220703125,
        "low": 30.989999771118164,
        "close": 35.220001220703125,
        "vol": 120256688,
        "amount": 4099383552
      },
      {
        "period_end": "2025-09-01 15:00:00",
        "is_closed": true,
        "datetime": "2025-09-01T00:00:00",
        "open": 38.25,
        "high": 41.689998626708984,
        "low": 38.209999084472656,
        "close": 40.40999984741211,
        "vol": 226978368,
        "amount": 9141003264
      },
      {
        "period_end": "2025-09-02 15:00:00",
        "is_closed": true,
        "datetime": "2025-09-02T00:00:00",
        "open": 40.75,
        "high": 45.61000061035156,
        "low": 40.029998779296875,
        "close": 43.5099983215332,
        "vol": 218448560,
        "amount": 9528572928
      },
      {
        "period_end": "2025-09-03 15:00:00",
        "is_closed": true,
        "datetime": "2025-09-03T00:00:00",
        "open": 43.2599983215332,
        "high": 46.689998626708984,
        "low": 42.79999923706055,
        "close": 43.66999816894531,
        "vol": 187890672,
        "amount": 8430842368
      },
      {
        "period_end": "2025-09-04 15:00:00",
        "is_closed": true,
        "datetime": "2025-09-04T00:00:00",
        "open": 44.540000915527344,
        "high": 47.38999938964844,
        "low": 42.779998779296875,
        "close": 44.540000915527344,
        "vol": 198780112,
        "amount": 9002479616
      },
      {
        "period_end": "2025-09-05 15:00:00",
        "is_closed": true,
        "datetime": "2025-09-05T00:00:00",
        "open": 46.720001220703125,
        "high": 53.5099983215332,
        "low": 46.720001220703125,
        "close": 53.5099983215332,
        "vol": 310874720,
        "amount": 16106070016
      },
      {
        "period_end": "2025-09-08 15:00:00",
        "is_closed": true,
        "datetime": "2025-09-08T00:00:00",
        "open": 54.720001220703125,
        "high": 58.81999969482422,
        "low": 53.61000061035156,
        "close": 57.099998474121094,
        "vol": 358480096,
        "amount": 20099362816
      },
      {
        "period_end": "2025-09-09 15:00:00",
        "is_closed": true,
        "datetime": "2025-09-09T00:00:00",
        "open": 54.90999984741211,
        "high": 57.540000915527344,
        "low": 54.529998779296875,
        "close": 55.77000045776367,
        "vol": 251183088,
        "amount": 14102722560
      },
      {
        "period_end": "2025-09-10 15:00:00",
        "is_closed": true,
        "datetime": "2025-09-10T00:00:00",
        "open": 54.7400016784668,
        "high": 58.54999923706055,
        "low": 54.7400016784668,
        "close": 58.31999969482422,
        "vol": 244726384,
        "amount": 14112870400
      },
      {
        "period_end": "2025-09-11 15:00:00",
        "is_closed": true,
        "datetime": "2025-09-11T00:00:00",
        "open": 57.310001373291016,
        "high": 60.209999084472656,
        "low": 56.849998474121094,
        "close": 59.84000015258789,
        "vol": 238673184,
        "amount": 14126511104
      },
      {
        "period_end": "2025-09-12 15:00:00",
        "is_closed": true,
        "datetime": "2025-09-12T00:00:00",
        "open": 57.970001220703125,
        "high": 58.0099983215332,
        "low": 54.47999954223633,
        "close": 54.5099983215332,
        "vol": 261498576,
        "amount": 14645104640
      },
      {
        "period_end": "2025-09-15 15:00:00",
        "is_closed": true,
        "datetime": "2025-09-15T00:00:00",
        "open": 55.5,
        "high": 57.290000915527344,
        "low": 54.59000015258789,
        "close": 55.29999923706055,
        "vol": 179460624,
        "amount": 10075844608
      },
      {
        "period_end": "2025-09-16 15:00:00",
        "is_closed": true,
        "datetime": "2025-09-16T00:00:00",
        "open": 54.560001373291016,
        "high": 55.66999816894531,
        "low": 51.630001068115234,
        "close": 54.709999084472656,
        "vol": 198785024,
        "amount": 10738046976
      },
      {
        "period_end": "2025-09-17 15:00:00",
        "is_closed": true,
        "datetime": "2025-09-17T00:00:00",
        "open": 54.54999923706055,
        "high": 54.689998626708984,
        "low": 52.9900016784668,
        "close": 53.279998779296875,
        "vol": 133418536,
        "amount": 7213903360
      },
      {
        "period_end": "2025-09-18 15:00:00",
        "is_closed": true,
        "datetime": "2025-09-18T00:00:00",
        "open": 52.77000045776367,
        "high": 58.47999954223633,
        "low": 52.77000045776367,
        "close": 56.439998626708984,
        "vol": 230432784,
        "amount": 12917458944
      },
      {
        "period_end": "2025-09-19 15:00:00",
        "is_closed": true,
        "datetime": "2025-09-19T00:00:00",
        "open": 56.790000915527344,
        "high": 59.59000015258789,
        "low": 54.88999938964844,
        "close": 55.310001373291016,
        "vol": 206934000,
        "amount": 11964434432
      },
      {
        "period_end": "2025-09-22 15:00:00",
        "is_closed": true,
        "datetime": "2025-09-22T00:00:00",
        "open": 55.709999084472656,
        "high": 58.61000061035156,
        "low": 53.18000030517578,
        "close": 58.599998474121094,
        "vol": 158883856,
        "amount": 8997243904
      },
      {
        "period_end": "2025-09-23 15:00:00",
        "is_closed": true,
        "datetime": "2025-09-23T00:00:00",
        "open": 58.59000015258789,
        "high": 64.51000213623047,
        "low": 57.65999984741211,
        "close": 63.0099983215332,
        "vol": 218818032,
        "amount": 13575130112
      },
      {
        "period_end": "2025-09-24 15:00:00",
        "is_closed": true,
        "datetime": "2025-09-24T00:00:00",
        "open": 62.220001220703125,
        "high": 68.47000122070312,
        "low": 60.59000015258789,
        "close": 67.61000061035156,
        "vol": 200892320,
        "amount": 12988811264
      },
      {
        "period_end": "2025-09-25 15:00:00",
        "is_closed": true,
        "datetime": "2025-09-25T00:00:00",
        "open": 66.69999694824219,
        "high": 69.43000030517578,
        "low": 64.70999908447266,
        "close": 64.77999877929688,
        "vol": 163605808,
        "amount": 11012316160
      },
      {
        "period_end": "2025-09-26 15:00:00",
        "is_closed": true,
        "datetime": "2025-09-26T00:00:00",
        "open": 64.4000015258789,
        "high": 68.58000183105469,
        "low": 62.2599983215332,
        "close": 65.19999694824219,
        "vol": 186843776,
        "amount": 12350161920
      },
      {
        "period_end": "2025-09-29 15:00:00",
        "is_closed": true,
        "datetime": "2025-09-29T00:00:00",
        "open": 65.70999908447266,
        "high": 67.70999908447266,
        "low": 62.709999084472656,
        "close": 62.849998474121094,
        "vol": 205112000,
        "amount": 13439482880
      },
      {
        "period_end": "2025-09-30 15:00:00",
        "is_closed": true,
        "datetime": "2025-09-30T00:00:00",
        "open": 61.91999816894531,
        "high": 64.58000183105469,
        "low": 61.209999084472656,
        "close": 61.93000030517578,
        "vol": 164873680,
        "amount": 10388219904
      },
      {
        "period_end": "2025-10-09 15:00:00",
        "is_closed": true,
        "datetime": "2025-10-09T00:00:00",
        "open": 62.5,
        "high": 64.75,
        "low": 61.880001068115234,
        "close": 62.61000061035156,
        "vol": 157674416,
        "amount": 10002713600
      },
      {
        "period_end": "2025-10-10 15:00:00",
        "is_closed": true,
        "datetime": "2025-10-10T00:00:00",
        "open": 59.709999084472656,
        "high": 60.209999084472656,
        "low": 53.779998779296875,
        "close": 54.5,
        "vol": 201505904,
        "amount": 11386942464
      },
      {
        "period_end": "2025-10-13 15:00:00",
        "is_closed": true,
        "datetime": "2025-10-13T00:00:00",
        "open": 51.79999923706055,
        "high": 56.09000015258789,
        "low": 51.79999923706055,
        "close": 55.709999084472656,
        "vol": 131597840,
        "amount": 7267084288
      },
      {
        "period_end": "2025-10-14 15:00:00",
        "is_closed": true,
        "datetime": "2025-10-14T00:00:00",
        "open": 56.43000030517578,
        "high": 56.61000061035156,
        "low": 51.97999954223633,
        "close": 52.040000915527344,
        "vol": 124771664,
        "amount": 6777507840
      },
      {
        "period_end": "2025-10-15 15:00:00",
        "is_closed": true,
        "datetime": "2025-10-15T00:00:00",
        "open": 52.41999816894531,
        "high": 54.38999938964844,
        "low": 51.81999969482422,
        "close": 54.09000015258789,
        "vol": 90693944,
        "amount": 4821996544
      },
      {
        "period_end": "2025-10-16 15:00:00",
        "is_closed": true,
        "datetime": "2025-10-16T00:00:00",
        "open": 53.59000015258789,
        "high": 56.209999084472656,
        "low": 53.25,
        "close": 54.63999938964844,
        "vol": 101987760,
        "amount": 5615684608
      },
      {
        "period_end": "2025-10-17 15:00:00",
        "is_closed": true,
        "datetime": "2025-10-17T00:00:00",
        "open": 53.95000076293945,
        "high": 54.95000076293945,
        "low": 51.880001068115234,
        "close": 52.0099983215332,
        "vol": 81308760,
        "amount": 4320845312
      },
      {
        "period_end": "2025-10-20 15:00:00",
        "is_closed": true,
        "datetime": "2025-10-20T00:00:00",
        "open": 53.209999084472656,
        "high": 54.959999084472656,
        "low": 52.540000915527344,
        "close": 53.75,
        "vol": 90819784,
        "amount": 4922285568
      },
      {
        "period_end": "2025-10-21 15:00:00",
        "is_closed": true,
        "datetime": "2025-10-21T00:00:00",
        "open": 54.5099983215332,
        "high": 55.09000015258789,
        "low": 52.84000015258789,
        "close": 54.77000045776367,
        "vol": 106659872,
        "amount": 5798862848
      },
      {
        "period_end": "2025-10-22 15:00:00",
        "is_closed": true,
        "datetime": "2025-10-22T00:00:00",
        "open": 54.209999084472656,
        "high": 55.310001373291016,
        "low": 53.720001220703125,
        "close": 54.060001373291016,
        "vol": 74756424,
        "amount": 4084016128
      },
      {
        "period_end": "2025-10-23 15:00:00",
        "is_closed": true,
        "datetime": "2025-10-23T00:00:00",
        "open": 54.11000061035156,
        "high": 54.38999938964844,
        "low": 52.7599983215332,
        "close": 53.70000076293945,
        "vol": 65376044,
        "amount": 3509412352
      },
      {
        "period_end": "2025-10-24 15:00:00",
        "is_closed": true,
        "datetime": "2025-10-24T00:00:00",
        "open": 54.130001068115234,
        "high": 55.189998626708984,
        "low": 53.709999084472656,
        "close": 54.72999954223633,
        "vol": 91534872,
        "amount": 5027551744
      },
      {
        "period_end": "2025-10-27 15:00:00",
        "is_closed": true,
        "datetime": "2025-10-27T00:00:00",
        "open": 55.5099983215332,
        "high": 56.290000915527344,
        "low": 54.029998779296875,
        "close": 55.189998626708984,
        "vol": 121254144,
        "amount": 6729331712
      },
      {
        "period_end": "2025-10-28 15:00:00",
        "is_closed": true,
        "datetime": "2025-10-28T00:00:00",
        "open": 54.40999984741211,
        "high": 56.310001373291016,
        "low": 53.619998931884766,
        "close": 55.34000015258789,
        "vol": 116141376,
        "amount": 6419414528
      },
      {
        "period_end": "2025-10-29 15:00:00",
        "is_closed": true,
        "datetime": "2025-10-29T00:00:00",
        "open": 54.7400016784668,
        "high": 62.59000015258789,
        "low": 54.5099983215332,
        "close": 62.459999084472656,
        "vol": 220776160,
        "amount": 13058627584
      },
      {
        "period_end": "2025-10-30 15:00:00",
        "is_closed": true,
        "datetime": "2025-10-30T00:00:00",
        "open": 61.84000015258789,
        "high": 62.20000076293945,
        "low": 58.90999984741211,
        "close": 59.0099983215332,
        "vol": 187093328,
        "amount": 11331041280
      },
      {
        "period_end": "2025-10-31 15:00:00",
        "is_closed": true,
        "datetime": "2025-10-31T00:00:00",
        "open": 60.290000915527344,
        "high": 63.08000183105469,
        "low": 58.2400016784668,
        "close": 58.2400016784668,
        "vol": 153920640,
        "amount": 9396277248
      },
      {
        "period_end": "2025-11-03 15:00:00",
        "is_closed": true,
        "datetime": "2025-11-03T00:00:00",
        "open": 56.349998474121094,
        "high": 56.959999084472656,
        "low": 52.439998626708984,
        "close": 54.5099983215332,
        "vol": 147696912,
        "amount": 8033106944
      },
      {
        "period_end": "2025-11-04 15:00:00",
        "is_closed": true,
        "datetime": "2025-11-04T00:00:00",
        "open": 53.59000015258789,
        "high": 54.209999084472656,
        "low": 52.16999816894531,
        "close": 52.61000061035156,
        "vol": 85268040,
        "amount": 4548942336
      },
      {
        "period_end": "2025-11-05 15:00:00",
        "is_closed": true,
        "datetime": "2025-11-05T00:00:00",
        "open": 51.130001068115234,
        "high": 53.939998626708984,
        "low": 50.81999969482422,
        "close": 52.81999969482422,
        "vol": 93957504,
        "amount": 4939644416
      },
      {
        "period_end": "2025-11-06 15:00:00",
        "is_closed": true,
        "datetime": "2025-11-06T00:00:00",
        "open": 52.900001525878906,
        "high": 54.0099983215332,
        "low": 52.369998931884766,
        "close": 53.529998779296875,
        "vol": 73576832,
        "amount": 3943270400
      },
      {
        "period_end": "2025-11-07 15:00:00",
        "is_closed": true,
        "datetime": "2025-11-07T00:00:00",
        "open": 52.83000183105469,
        "high": 54.709999084472656,
        "low": 52.220001220703125,
        "close": 53.34000015258789,
        "vol": 84792672,
        "amount": 4556985344
      },
      {
        "period_end": "2025-11-10 15:00:00",
        "is_closed": true,
        "datetime": "2025-11-10T00:00:00",
        "open": 53.599998474121094,
        "high": 54.869998931884766,
        "low": 51.47999954223633,
        "close": 51.93000030517578,
        "vol": 84066784,
        "amount": 4453341696
      },
      {
        "period_end": "2025-11-11 15:00:00",
        "is_closed": true,
        "datetime": "2025-11-11T00:00:00",
        "open": 51.86000061035156,
        "high": 52.56999969482422,
        "low": 50.0099983215332,
        "close": 50.09000015258789,
        "vol": 82834312,
        "amount": 4255571200
      },
      {
        "period_end": "2025-11-12 15:00:00",
        "is_closed": true,
        "datetime": "2025-11-12T00:00:00",
        "open": 49.619998931884766,
        "high": 50.2599983215332,
        "low": 48.36000061035156,
        "close": 49.290000915527344,
        "vol": 66472564,
        "amount": 3287602688
      },
      {
        "period_end": "2025-11-13 15:00:00",
        "is_closed": true,
        "datetime": "2025-11-13T00:00:00",
        "open": 49.220001220703125,
        "high": 53.459999084472656,
        "low": 49.220001220703125,
        "close": 52.0099983215332,
        "vol": 118439672,
        "amount": 6156818944
      },
      {
        "period_end": "2025-11-14 15:00:00",
        "is_closed": true,
        "datetime": "2025-11-14T00:00:00",
        "open": 51.09000015258789,
        "high": 56.25,
        "low": 51.060001373291016,
        "close": 54.45000076293945,
        "vol": 157040304,
        "amount": 8582308352
      },
      {
        "period_end": "2025-11-17 15:00:00",
        "is_closed": true,
        "datetime": "2025-11-17T00:00:00",
        "open": 54.709999084472656,
        "high": 56.08000183105469,
        "low": 53.0099983215332,
        "close": 54.97999954223633,
        "vol": 118077368,
        "amount": 6464668672
      },
      {
        "period_end": "2025-11-18 15:00:00",
        "is_closed": true,
        "datetime": "2025-11-18T00:00:00",
        "open": 54.68000030517578,
        "high": 54.939998626708984,
        "low": 51.310001373291016,
        "close": 51.470001220703125,
        "vol": 100383808,
        "amount": 5304051200
      },
      {
        "period_end": "2025-11-19 15:00:00",
        "is_closed": true,
        "datetime": "2025-11-19T00:00:00",
        "open": 51.5,
        "high": 52.45000076293945,
        "low": 50.560001373291016,
        "close": 50.599998474121094,
        "vol": 54157076,
        "amount": 2787162368
      },
      {
        "period_end": "2025-11-20 15:00:00",
        "is_closed": true,
        "datetime": "2025-11-20T00:00:00",
        "open": 50.720001220703125,
        "high": 51.65999984741211,
        "low": 49.709999084472656,
        "close": 49.810001373291016,
        "vol": 47451344,
        "amount": 2407289344
      },
      {
        "period_end": "2025-11-21 15:00:00",
        "is_closed": true,
        "datetime": "2025-11-21T00:00:00",
        "open": 48.790000915527344,
        "high": 49.369998931884766,
        "low": 46.38999938964844,
        "close": 46.38999938964844,
        "vol": 73924816,
        "amount": 3527647488
      },
      {
        "period_end": "2025-11-24 15:00:00",
        "is_closed": true,
        "datetime": "2025-11-24T00:00:00",
        "open": 47.709999084472656,
        "high": 48.040000915527344,
        "low": 46.61000061035156,
        "close": 47.650001525878906,
        "vol": 59647440,
        "amount": 2841837824
      },
      {
        "period_end": "2025-11-25 15:00:00",
        "is_closed": true,
        "datetime": "2025-11-25T00:00:00",
        "open": 47.84000015258789,
        "high": 48.83000183105469,
        "low": 47.459999084472656,
        "close": 48.400001525878906,
        "vol": 50354896,
        "amount": 2448055040
      },
      {
        "period_end": "2025-11-26 15:00:00",
        "is_closed": true,
        "datetime": "2025-11-26T00:00:00",
        "open": 47.95000076293945,
        "high": 48.959999084472656,
        "low": 47.599998474121094,
        "close": 48.209999084472656,
        "vol": 41021036,
        "amount": 1993885824
      },
      {
        "period_end": "2025-11-27 15:00:00",
        "is_closed": true,
        "datetime": "2025-11-27T00:00:00",
        "open": 48.02000045776367,
        "high": 49.97999954223633,
        "low": 47.9900016784668,
        "close": 48.040000915527344,
        "vol": 55794120,
        "amount": 2746275328
      },
      {
        "period_end": "2025-11-28 15:00:00",
        "is_closed": true,
        "datetime": "2025-11-28T00:00:00",
        "open": 47.90999984741211,
        "high": 49.189998626708984,
        "low": 47.709999084472656,
        "close": 48.7599983215332,
        "vol": 46989772,
        "amount": 2295580160
      },
      {
        "period_end": "2025-12-01 15:00:00",
        "is_closed": true,
        "datetime": "2025-12-01T00:00:00",
        "open": 48.81999969482422,
        "high": 49.349998474121094,
        "low": 48.5099983215332,
        "close": 48.959999084472656,
        "vol": 41987976,
        "amount": 2062942464
      },
      {
        "period_end": "2025-12-02 15:00:00",
        "is_closed": true,
        "datetime": "2025-12-02T00:00:00",
        "open": 48.70000076293945,
        "high": 48.869998931884766,
        "low": 47.72999954223633,
        "close": 47.880001068115234,
        "vol": 33020494,
        "amount": 1598855936
      },
      {
        "period_end": "2025-12-03 15:00:00",
        "is_closed": true,
        "datetime": "2025-12-03T00:00:00",
        "open": 48.11000061035156,
        "high": 48.45000076293945,
        "low": 46.709999084472656,
        "close": 46.93000030517578,
        "vol": 33496832,
        "amount": 1594637568
      },
      {
        "period_end": "2025-12-04 15:00:00",
        "is_closed": true,
        "datetime": "2025-12-04T00:00:00",
        "open": 46.97999954223633,
        "high": 47.68000030517578,
        "low": 46.04999923706055,
        "close": 47.5099983215332,
        "vol": 33009112,
        "amount": 1560108800
      },
      {
        "period_end": "2025-12-05 15:00:00",
        "is_closed": true,
        "datetime": "2025-12-05T00:00:00",
        "open": 47.31999969482422,
        "high": 48.220001220703125,
        "low": 46.810001373291016,
        "close": 48.04999923706055,
        "vol": 33367458,
        "amount": 1600435072
      },
      {
        "period_end": "2025-12-08 15:00:00",
        "is_closed": true,
        "datetime": "2025-12-08T00:00:00",
        "open": 48.209999084472656,
        "high": 50.5099983215332,
        "low": 48.209999084472656,
        "close": 50,
        "vol": 71936568,
        "amount": 3599720192
      },
      {
        "period_end": "2025-12-09 15:00:00",
        "is_closed": true,
        "datetime": "2025-12-09T00:00:00",
        "open": 49.56999969482422,
        "high": 50.5099983215332,
        "low": 49.060001373291016,
        "close": 49.709999084472656,
        "vol": 50328948,
        "amount": 2515516672
      },
      {
        "period_end": "2025-12-10 15:00:00",
        "is_closed": true,
        "datetime": "2025-12-10T00:00:00",
        "open": 49.72999954223633,
        "high": 49.959999084472656,
        "low": 48.40999984741211,
        "close": 49.27000045776367,
        "vol": 41766276,
        "amount": 2057202304
      },
      {
        "period_end": "2025-12-11 15:00:00",
        "is_closed": true,
        "datetime": "2025-12-11T00:00:00",
        "open": 49.279998779296875,
        "high": 50.119998931884766,
        "low": 47.9900016784668,
        "close": 48.0099983215332,
        "vol": 46332844,
        "amount": 2284283136
      },
      {
        "period_end": "2025-12-12 15:00:00",
        "is_closed": true,
        "datetime": "2025-12-12T00:00:00",
        "open": 48.209999084472656,
        "high": 49.0099983215332,
        "low": 47.11000061035156,
        "close": 48.540000915527344,
        "vol": 48297688,
        "amount": 2332051968
      },
      {
        "period_end": "2025-12-15 15:00:00",
        "is_closed": true,
        "datetime": "2025-12-15T00:00:00",
        "open": 48.18000030517578,
        "high": 48.63999938964844,
        "low": 47.16999816894531,
        "close": 47.209999084472656,
        "vol": 31922142,
        "amount": 1531561216
      },
      {
        "period_end": "2025-12-16 15:00:00",
        "is_closed": true,
        "datetime": "2025-12-16T00:00:00",
        "open": 47.2599983215332,
        "high": 47.380001068115234,
        "low": 45.11000061035156,
        "close": 45.61000061035156,
        "vol": 39869692,
        "amount": 1838024448
      },
      {
        "period_end": "2025-12-17 15:00:00",
        "is_closed": true,
        "datetime": "2025-12-17T00:00:00",
        "open": 45.959999084472656,
        "high": 47.4900016784668,
        "low": 45.869998931884766,
        "close": 47.20000076293945,
        "vol": 44700612,
        "amount": 2102856448
      },
      {
        "period_end": "2025-12-18 15:00:00",
        "is_closed": true,
        "datetime": "2025-12-18T00:00:00",
        "open": 46.7599983215332,
        "high": 47.86000061035156,
        "low": 46.29999923706055,
        "close": 46.29999923706055,
        "vol": 30926328,
        "amount": 1459907840
      },
      {
        "period_end": "2025-12-19 15:00:00",
        "is_closed": true,
        "datetime": "2025-12-19T00:00:00",
        "open": 46.75,
        "high": 47.2599983215332,
        "low": 46.209999084472656,
        "close": 46.45000076293945,
        "vol": 27397356,
        "amount": 1285534848
      },
      {
        "period_end": "2025-12-22 15:00:00",
        "is_closed": true,
        "datetime": "2025-12-22T00:00:00",
        "open": 46.4900016784668,
        "high": 48.54999923706055,
        "low": 46.41999816894531,
        "close": 47.880001068115234,
        "vol": 52366228,
        "amount": 2506231040
      },
      {
        "period_end": "2025-12-23 15:00:00",
        "is_closed": true,
        "datetime": "2025-12-23T00:00:00",
        "open": 48.619998931884766,
        "high": 50.880001068115234,
        "low": 48.619998931884766,
        "close": 49.439998626708984,
        "vol": 86432856,
        "amount": 4322768896
      },
      {
        "period_end": "2025-12-24 15:00:00",
        "is_closed": true,
        "datetime": "2025-12-24T00:00:00",
        "open": 48.869998931884766,
        "high": 49.810001373291016,
        "low": 48.599998474121094,
        "close": 49.47999954223633,
        "vol": 51075652,
        "amount": 2530209536
      },
      {
        "period_end": "2025-12-25 15:00:00",
        "is_closed": true,
        "datetime": "2025-12-25T00:00:00",
        "open": 49.5099983215332,
        "high": 50.88999938964844,
        "low": 48.790000915527344,
        "close": 50.599998474121094,
        "vol": 65651616,
        "amount": 3292069888
      },
      {
        "period_end": "2025-12-26 15:00:00",
        "is_closed": true,
        "datetime": "2025-12-26T00:00:00",
        "open": 50.709999084472656,
        "high": 51.97999954223633,
        "low": 49.619998931884766,
        "close": 50.540000915527344,
        "vol": 87423960,
        "amount": 4453752832
      },
      {
        "period_end": "2025-12-29 15:00:00",
        "is_closed": true,
        "datetime": "2025-12-29T00:00:00",
        "open": 52.58000183105469,
        "high": 53.9900016784668,
        "low": 50.040000915527344,
        "close": 50.2400016784668,
        "vol": 92892408,
        "amount": 4811353088
      },
      {
        "period_end": "2025-12-30 15:00:00",
        "is_closed": true,
        "datetime": "2025-12-30T00:00:00",
        "open": 49.86000061035156,
        "high": 50.90999984741211,
        "low": 49.189998626708984,
        "close": 50.5099983215332,
        "vol": 63590808,
        "amount": 3212771584
      },
      {
        "period_end": "2025-12-31 15:00:00",
        "is_closed": true,
        "datetime": "2025-12-31T00:00:00",
        "open": 50.439998626708984,
        "high": 50.86000061035156,
        "low": 49.400001525878906,
        "close": 49.689998626708984,
        "vol": 44969996,
        "amount": 2256084224
      },
      {
        "period_end": "2026-01-05 15:00:00",
        "is_closed": true,
        "datetime": "2026-01-05T00:00:00",
        "open": 49.689998626708984,
        "high": 53.849998474121094,
        "low": 49.40999984741211,
        "close": 53.189998626708984,
        "vol": 108807960,
        "amount": 5681082368
      },
      {
        "period_end": "2026-01-06 15:00:00",
        "is_closed": true,
        "datetime": "2026-01-06T00:00:00",
        "open": 53.790000915527344,
        "high": 57.400001525878906,
        "low": 53.790000915527344,
        "close": 54.709999084472656,
        "vol": 147804672,
        "amount": 8204722688
      },
      {
        "period_end": "2026-01-07 15:00:00",
        "is_closed": true,
        "datetime": "2026-01-07T00:00:00",
        "open": 54.720001220703125,
        "high": 57,
        "low": 54.27000045776367,
        "close": 54.79999923706055,
        "vol": 100670656,
        "amount": 5585067008
      },
      {
        "period_end": "2026-01-08 15:00:00",
        "is_closed": true,
        "datetime": "2026-01-08T00:00:00",
        "open": 54.79999923706055,
        "high": 57.18000030517578,
        "low": 53.86000061035156,
        "close": 56.720001220703125,
        "vol": 122544632,
        "amount": 6915153408
      },
      {
        "period_end": "2026-01-09 15:00:00",
        "is_closed": true,
        "datetime": "2026-01-09T00:00:00",
        "open": 56.709999084472656,
        "high": 59.209999084472656,
        "low": 55.29999923706055,
        "close": 58.11000061035156,
        "vol": 122425808,
        "amount": 7098497024
      },
      {
        "period_end": "2026-01-12 15:00:00",
        "is_closed": true,
        "datetime": "2026-01-12T00:00:00",
        "open": 57.2599983215332,
        "high": 57.52000045776367,
        "low": 54.5099983215332,
        "close": 55.95000076293945,
        "vol": 135950608,
        "amount": 7641562624
      },
      {
        "period_end": "2026-01-13 15:00:00",
        "is_closed": true,
        "datetime": "2026-01-13T00:00:00",
        "open": 56.20000076293945,
        "high": 57.90999984741211,
        "low": 55.029998779296875,
        "close": 55.36000061035156,
        "vol": 97618272,
        "amount": 5523783168
      },
      {
        "period_end": "2026-01-14 15:00:00",
        "is_closed": true,
        "datetime": "2026-01-14T00:00:00",
        "open": 55.310001373291016,
        "high": 61.11000061035156,
        "low": 55.220001220703125,
        "close": 57.779998779296875,
        "vol": 144710240,
        "amount": 8460171776
      },
      {
        "period_end": "2026-01-15 15:00:00",
        "is_closed": true,
        "datetime": "2026-01-15T00:00:00",
        "open": 58.90999984741211,
        "high": 61.0099983215332,
        "low": 57.83000183105469,
        "close": 60.060001373291016,
        "vol": 127524016,
        "amount": 7683864064
      },
      {
        "period_end": "2026-01-16 15:00:00",
        "is_closed": true,
        "datetime": "2026-01-16T00:00:00",
        "open": 60.810001373291016,
        "high": 61.0099983215332,
        "low": 58.939998626708984,
        "close": 60.11000061035156,
        "vol": 93127248,
        "amount": 5607617024
      },
      {
        "period_end": "2026-01-19 15:00:00",
        "is_closed": true,
        "datetime": "2026-01-19T00:00:00",
        "open": 59.709999084472656,
        "high": 61.93000030517578,
        "low": 58.09000015258789,
        "close": 59.9900016784668,
        "vol": 86269192,
        "amount": 5233026560
      },
      {
        "period_end": "2026-01-20 15:00:00",
        "is_closed": true,
        "datetime": "2026-01-20T00:00:00",
        "open": 60.400001525878906,
        "high": 61.20000076293945,
        "low": 56.709999084472656,
        "close": 57.41999816894531,
        "vol": 97550480,
        "amount": 5682962432
      },
      {
        "period_end": "2026-01-21 15:00:00",
        "is_closed": true,
        "datetime": "2026-01-21T00:00:00",
        "open": 56.720001220703125,
        "high": 59.709999084472656,
        "low": 56.61000061035156,
        "close": 58.619998931884766,
        "vol": 69117936,
        "amount": 4058715392
      },
      {
        "period_end": "2026-01-22 15:00:00",
        "is_closed": true,
        "datetime": "2026-01-22T00:00:00",
        "open": 58.70000076293945,
        "high": 60.5,
        "low": 56.709999084472656,
        "close": 57.11000061035156,
        "vol": 67932872,
        "amount": 3947478016
      },
      {
        "period_end": "2026-01-23 15:00:00",
        "is_closed": true,
        "datetime": "2026-01-23T00:00:00",
        "open": 57.11000061035156,
        "high": 63.33000183105469,
        "low": 57.06999969482422,
        "close": 62.86000061035156,
        "vol": 145125392,
        "amount": 8838023168
      },
      {
        "period_end": "2026-01-26 15:00:00",
        "is_closed": true,
        "datetime": "2026-01-26T00:00:00",
        "open": 66.63999938964844,
        "high": 67.19000244140625,
        "low": 61.5099983215332,
        "close": 61.599998474121094,
        "vol": 155259440,
        "amount": 9930089472
      },
      {
        "period_end": "2026-01-27 15:00:00",
        "is_closed": true,
        "datetime": "2026-01-27T00:00:00",
        "open": 61.209999084472656,
        "high": 61.810001373291016,
        "low": 57.470001220703125,
        "close": 60.880001068115234,
        "vol": 116827696,
        "amount": 6999952896
      },
      {
        "period_end": "2026-01-28 15:00:00",
        "is_closed": true,
        "datetime": "2026-01-28T00:00:00",
        "open": 60.720001220703125,
        "high": 60.869998931884766,
        "low": 58.29999923706055,
        "close": 59.209999084472656,
        "vol": 79632376,
        "amount": 4738628608
      },
      {
        "period_end": "2026-01-29 15:00:00",
        "is_closed": true,
        "datetime": "2026-01-29T00:00:00",
        "open": 58.41999816894531,
        "high": 60,
        "low": 55.86000061035156,
        "close": 56.04999923706055,
        "vol": 90783968,
        "amount": 5267108352
      },
      {
        "period_end": "2026-01-30 15:00:00",
        "is_closed": true,
        "datetime": "2026-01-30T00:00:00",
        "open": 55.7599983215332,
        "high": 58.209999084472656,
        "low": 55.5099983215332,
        "close": 57.41999816894531,
        "vol": 79743536,
        "amount": 4561377280
      },
      {
        "period_end": "2026-02-02 15:00:00",
        "is_closed": true,
        "datetime": "2026-02-02T00:00:00",
        "open": 56.90999984741211,
        "high": 57.5099983215332,
        "low": 55.40999984741211,
        "close": 55.41999816894531,
        "vol": 50247304,
        "amount": 2850524928
      },
      {
        "period_end": "2026-02-03 15:00:00",
        "is_closed": true,
        "datetime": "2026-02-03T00:00:00",
        "open": 56.5099983215332,
        "high": 59.689998626708984,
        "low": 56.459999084472656,
        "close": 59.630001068115234,
        "vol": 94228216,
        "amount": 5539609600
      },
      {
        "period_end": "2026-02-04 15:00:00",
        "is_closed": true,
        "datetime": "2026-02-04T00:00:00",
        "open": 58.959999084472656,
        "high": 59.599998474121094,
        "low": 57.79999923706055,
        "close": 59,
        "vol": 62888564,
        "amount": 3699303424
      },
      {
        "period_end": "2026-02-05 15:00:00",
        "is_closed": true,
        "datetime": "2026-02-05T00:00:00",
        "open": 58.40999984741211,
        "high": 59.380001068115234,
        "low": 56.45000076293945,
        "close": 56.88999938964844,
        "vol": 56879564,
        "amount": 3284423936
      },
      {
        "period_end": "2026-02-06 15:00:00",
        "is_closed": true,
        "datetime": "2026-02-06T00:00:00",
        "open": 56.060001373291016,
        "high": 58.459999084472656,
        "low": 55.5099983215332,
        "close": 56.84000015258789,
        "vol": 50937280,
        "amount": 2934263552
      },
      {
        "period_end": "2026-02-09 15:00:00",
        "is_closed": true,
        "datetime": "2026-02-09T00:00:00",
        "open": 57.790000915527344,
        "high": 59.5099983215332,
        "low": 57.599998474121094,
        "close": 58.2599983215332,
        "vol": 61464688,
        "amount": 3626774016
      },
      {
        "period_end": "2026-02-10 15:00:00",
        "is_closed": true,
        "datetime": "2026-02-10T00:00:00",
        "open": 57.9900016784668,
        "high": 58.90999984741211,
        "low": 56.88999938964844,
        "close": 57.2400016784668,
        "vol": 42322576,
        "amount": 2452101632
      },
      {
        "period_end": "2026-02-11 15:00:00",
        "is_closed": true,
        "datetime": "2026-02-11T00:00:00",
        "open": 56.709999084472656,
        "high": 56.720001220703125,
        "low": 54.61000061035156,
        "close": 55.060001373291016,
        "vol": 68732592,
        "amount": 3825582336
      },
      {
        "period_end": "2026-02-12 15:00:00",
        "is_closed": true,
        "datetime": "2026-02-12T00:00:00",
        "open": 54.86000061035156,
        "high": 55.540000915527344,
        "low": 54.290000915527344,
        "close": 54.90999984741211,
        "vol": 47507888,
        "amount": 2623135488
      },
      {
        "period_end": "2026-02-13 15:00:00",
        "is_closed": true,
        "datetime": "2026-02-13T00:00:00",
        "open": 54.65999984741211,
        "high": 55.58000183105469,
        "low": 53.9900016784668,
        "close": 54.5099983215332,
        "vol": 34455004,
        "amount": 1900290304
      },
      {
        "period_end": "2026-02-24 15:00:00",
        "is_closed": true,
        "datetime": "2026-02-24T00:00:00",
        "open": 55.060001373291016,
        "high": 55.150001525878906,
        "low": 53.75,
        "close": 54.02000045776367,
        "vol": 34837096,
        "amount": 1905012480
      },
      {
        "period_end": "2026-02-25 15:00:00",
        "is_closed": true,
        "datetime": "2026-02-25T00:00:00",
        "open": 54.02000045776367,
        "high": 55.709999084472656,
        "low": 53.77000045776367,
        "close": 55.15999984741211,
        "vol": 48359020,
        "amount": 2679818240
      },
      {
        "period_end": "2026-02-26 15:00:00",
        "is_closed": true,
        "datetime": "2026-02-26T00:00:00",
        "open": 55.439998626708984,
        "high": 55.689998626708984,
        "low": 54.56999969482422,
        "close": 54.790000915527344,
        "vol": 38403040,
        "amount": 2119150848
      },
      {
        "period_end": "2026-02-27 15:00:00",
        "is_closed": true,
        "datetime": "2026-02-27T00:00:00",
        "open": 54.40999984741211,
        "high": 54.810001373291016,
        "low": 53.9900016784668,
        "close": 54.5099983215332,
        "vol": 32967532,
        "amount": 1802702336
      },
      {
        "period_end": "2026-03-02 15:00:00",
        "is_closed": true,
        "datetime": "2026-03-02T00:00:00",
        "open": 53.459999084472656,
        "high": 54.5,
        "low": 52.61000061035156,
        "close": 52.9900016784668,
        "vol": 51966400,
        "amount": 2780232704
      },
      {
        "period_end": "2026-03-03 15:00:00",
        "is_closed": true,
        "datetime": "2026-03-03T00:00:00",
        "open": 53.2599983215332,
        "high": 54.06999969482422,
        "low": 49.72999954223633,
        "close": 49.86000061035156,
        "vol": 61017040,
        "amount": 3147903744
      },
      {
        "period_end": "2026-03-04 15:00:00",
        "is_closed": true,
        "datetime": "2026-03-04T00:00:00",
        "open": 49.119998931884766,
        "high": 50.5099983215332,
        "low": 48.959999084472656,
        "close": 49.529998779296875,
        "vol": 42559964,
        "amount": 2126722816
      },
      {
        "period_end": "2026-03-05 15:00:00",
        "is_closed": true,
        "datetime": "2026-03-05T00:00:00",
        "open": 50.529998779296875,
        "high": 51.290000915527344,
        "low": 49.63999938964844,
        "close": 50.209999084472656,
        "vol": 37609892,
        "amount": 1909702912
      },
      {
        "period_end": "2026-03-06 15:00:00",
        "is_closed": true,
        "datetime": "2026-03-06T00:00:00",
        "open": 50,
        "high": 50.41999816894531,
        "low": 49.61000061035156,
        "close": 49.849998474121094,
        "vol": 28305664,
        "amount": 1421663872
      },
      {
        "period_end": "2026-03-09 15:00:00",
        "is_closed": true,
        "datetime": "2026-03-09T00:00:00",
        "open": 48.709999084472656,
        "high": 49.619998931884766,
        "low": 47.720001220703125,
        "close": 49.36000061035156,
        "vol": 41759768,
        "amount": 2036856960
      },
      {
        "period_end": "2026-03-10 15:00:00",
        "is_closed": true,
        "datetime": "2026-03-10T00:00:00",
        "open": 50.5,
        "high": 51.099998474121094,
        "low": 50.029998779296875,
        "close": 50.58000183105469,
        "vol": 39137116,
        "amount": 1989345280
      },
      {
        "period_end": "2026-03-11 15:00:00",
        "is_closed": true,
        "datetime": "2026-03-11T00:00:00",
        "open": 50.900001525878906,
        "high": 53.08000183105469,
        "low": 50.810001373291016,
        "close": 51.86000061035156,
        "vol": 81722544,
        "amount": 4288144384
      },
      {
        "period_end": "2026-03-12 15:00:00",
        "is_closed": true,
        "datetime": "2026-03-12T00:00:00",
        "open": 51.5099983215332,
        "high": 52.560001373291016,
        "low": 51.130001068115234,
        "close": 52.209999084472656,
        "vol": 55720056,
        "amount": 2907778560
      },
      {
        "period_end": "2026-03-13 15:00:00",
        "is_closed": true,
        "datetime": "2026-03-13T00:00:00",
        "open": 51.90999984741211,
        "high": 52.810001373291016,
        "low": 51.5,
        "close": 51.61000061035156,
        "vol": 49727628,
        "amount": 2607270656
      },
      {
        "period_end": "2026-03-16 15:00:00",
        "is_closed": true,
        "datetime": "2026-03-16T00:00:00",
        "open": 51.5,
        "high": 52.06999969482422,
        "low": 50.61000061035156,
        "close": 51.060001373291016,
        "vol": 38149584,
        "amount": 1961952640
      },
      {
        "period_end": "2026-03-17 15:00:00",
        "is_closed": true,
        "datetime": "2026-03-17T00:00:00",
        "open": 51.06999969482422,
        "high": 52.36000061035156,
        "low": 49.5099983215332,
        "close": 49.54999923706055,
        "vol": 38368012,
        "amount": 1952726144
      },
      {
        "period_end": "2026-03-18 15:00:00",
        "is_closed": true,
        "datetime": "2026-03-18T00:00:00",
        "open": 49.63999938964844,
        "high": 49.970001220703125,
        "low": 48.59000015258789,
        "close": 49.209999084472656,
        "vol": 34306936,
        "amount": 1693822976
      },
      {
        "period_end": "2026-03-19 15:00:00",
        "is_closed": true,
        "datetime": "2026-03-19T00:00:00",
        "open": 48.209999084472656,
        "high": 48.90999984741211,
        "low": 47.58000183105469,
        "close": 47.880001068115234,
        "vol": 38458612,
        "amount": 1861326592
      },
      {
        "period_end": "2026-03-20 15:00:00",
        "is_closed": true,
        "datetime": "2026-03-20T00:00:00",
        "open": 48.130001068115234,
        "high": 50.88999938964844,
        "low": 48.02000045776367,
        "close": 48.720001220703125,
        "vol": 61967184,
        "amount": 3072169984
      },
      {
        "period_end": "2026-03-23 15:00:00",
        "is_closed": true,
        "datetime": "2026-03-23T00:00:00",
        "open": 47.83000183105469,
        "high": 49.2599983215332,
        "low": 46.52000045776367,
        "close": 46.900001525878906,
        "vol": 50040672,
        "amount": 2409782016
      },
      {
        "period_end": "2026-03-24 15:00:00",
        "is_closed": true,
        "datetime": "2026-03-24T00:00:00",
        "open": 47.709999084472656,
        "high": 47.88999938964844,
        "low": 45.119998931884766,
        "close": 46.970001220703125,
        "vol": 43478664,
        "amount": 2032803840
      },
      {
        "period_end": "2026-03-25 15:00:00",
        "is_closed": true,
        "datetime": "2026-03-25T00:00:00",
        "open": 47.27000045776367,
        "high": 48.189998626708984,
        "low": 47.06999969482422,
        "close": 47.900001525878906,
        "vol": 35976288,
        "amount": 1730531840
      },
      {
        "period_end": "2026-03-26 15:00:00",
        "is_closed": true,
        "datetime": "2026-03-26T00:00:00",
        "open": 47.90999984741211,
        "high": 49.65999984741211,
        "low": 47.45000076293945,
        "close": 47.869998931884766,
        "vol": 53440476,
        "amount": 2612837632
      },
      {
        "period_end": "2026-03-27 15:00:00",
        "is_closed": true,
        "datetime": "2026-03-27T00:00:00",
        "open": 47.22999954223633,
        "high": 49.66999816894531,
        "low": 47.15999984741211,
        "close": 49.310001373291016,
        "vol": 53319036,
        "amount": 2618850304
      },
      {
        "period_end": "2026-03-30 15:00:00",
        "is_closed": true,
        "datetime": "2026-03-30T00:00:00",
        "open": 48.720001220703125,
        "high": 49.630001068115234,
        "low": 47.720001220703125,
        "close": 49.22999954223633,
        "vol": 47731944,
        "amount": 2341818624
      },
      {
        "period_end": "2026-03-31 15:00:00",
        "is_closed": true,
        "datetime": "2026-03-31T00:00:00",
        "open": 49.66999816894531,
        "high": 50.209999084472656,
        "low": 47.400001525878906,
        "close": 47.40999984741211,
        "vol": 49610380,
        "amount": 2421399808
      },
      {
        "period_end": "2026-04-01 15:00:00",
        "is_closed": true,
        "datetime": "2026-04-01T00:00:00",
        "open": 48.47999954223633,
        "high": 48.61000061035156,
        "low": 47.34000015258789,
        "close": 48.11000061035156,
        "vol": 39322624,
        "amount": 1897144704
      },
      {
        "period_end": "2026-04-02 15:00:00",
        "is_closed": true,
        "datetime": "2026-04-02T00:00:00",
        "open": 47.72999954223633,
        "high": 48.40999984741211,
        "low": 46.54999923706055,
        "close": 46.900001525878906,
        "vol": 34589932,
        "amount": 1647277184
      },
      {
        "period_end": "2026-04-03 15:00:00",
        "is_closed": true,
        "datetime": "2026-04-03T00:00:00",
        "open": 47.029998779296875,
        "high": 47.369998931884766,
        "low": 45.97999954223633,
        "close": 46.060001373291016,
        "vol": 25180616,
        "amount": 1175956352
      },
      {
        "period_end": "2026-04-07 15:00:00",
        "is_closed": true,
        "datetime": "2026-04-07T00:00:00",
        "open": 46.310001373291016,
        "high": 48.65999984741211,
        "low": 46.310001373291016,
        "close": 47.2599983215332,
        "vol": 41459240,
        "amount": 1987818368
      },
      {
        "period_end": "2026-04-08 15:00:00",
        "is_closed": true,
        "datetime": "2026-04-08T00:00:00",
        "open": 48.709999084472656,
        "high": 50.63999938964844,
        "low": 48.52000045776367,
        "close": 50.619998931884766,
        "vol": 66563472,
        "amount": 3331080448
      },
      {
        "period_end": "2026-04-09 15:00:00",
        "is_closed": true,
        "datetime": "2026-04-09T00:00:00",
        "open": 49.959999084472656,
        "high": 50.66999816894531,
        "low": 49.38999938964844,
        "close": 49.9900016784668,
        "vol": 39181728,
        "amount": 1972118272
      },
      {
        "period_end": "2026-04-10 15:00:00",
        "is_closed": true,
        "datetime": "2026-04-10T00:00:00",
        "open": 50.68000030517578,
        "high": 52.970001220703125,
        "low": 50.65999984741211,
        "close": 52.02000045776367,
        "vol": 70151480,
        "amount": 3669006848
      },
      {
        "period_end": "2026-04-13 15:00:00",
        "is_closed": true,
        "datetime": "2026-04-13T00:00:00",
        "open": 52,
        "high": 53.310001373291016,
        "low": 51.95000076293945,
        "close": 52.91999816894531,
        "vol": 60490184,
        "amount": 3210821632
      },
      {
        "period_end": "2026-04-14 15:00:00",
        "is_closed": true,
        "datetime": "2026-04-14T00:00:00",
        "open": 53.209999084472656,
        "high": 53.93000030517578,
        "low": 52.459999084472656,
        "close": 53.88999938964844,
        "vol": 59769656,
        "amount": 3193839616
      },
      {
        "period_end": "2026-04-15 15:00:00",
        "is_closed": true,
        "datetime": "2026-04-15T00:00:00",
        "open": 54.310001373291016,
        "high": 54.459999084472656,
        "low": 52.310001373291016,
        "close": 52.56999969482422,
        "vol": 54356984,
        "amount": 2913098240
      },
      {
        "period_end": "2026-04-16 15:00:00",
        "is_closed": true,
        "datetime": "2026-04-16T00:00:00",
        "open": 53.18000030517578,
        "high": 54.09000015258789,
        "low": 52.58000183105469,
        "close": 53.369998931884766,
        "vol": 51839688,
        "amount": 2783199744
      },
      {
        "period_end": "2026-04-17 15:00:00",
        "is_closed": true,
        "datetime": "2026-04-17T00:00:00",
        "open": 53.310001373291016,
        "high": 56.5099983215332,
        "low": 53.209999084472656,
        "close": 55.709999084472656,
        "vol": 97306560,
        "amount": 5393921024
      },
      {
        "period_end": "2026-04-20 15:00:00",
        "is_closed": true,
        "datetime": "2026-04-20T00:00:00",
        "open": 55.79999923706055,
        "high": 57.279998779296875,
        "low": 55.540000915527344,
        "close": 56.40999984741211,
        "vol": 71172184,
        "amount": 4040938240
      },
      {
        "period_end": "2026-04-21 15:00:00",
        "is_closed": true,
        "datetime": "2026-04-21T00:00:00",
        "open": 56.70000076293945,
        "high": 59.220001220703125,
        "low": 55.310001373291016,
        "close": 58.290000915527344,
        "vol": 98028112,
        "amount": 5700887552
      },
      {
        "period_end": "2026-04-22 15:00:00",
        "is_closed": true,
        "datetime": "2026-04-22T00:00:00",
        "open": 57.72999954223633,
        "high": 58.88999938964844,
        "low": 57.560001373291016,
        "close": 58.5099983215332,
        "vol": 71701072,
        "amount": 4189471488
      },
      {
        "period_end": "2026-04-23 15:00:00",
        "is_closed": true,
        "datetime": "2026-04-23T00:00:00",
        "open": 58.5099983215332,
        "high": 58.689998626708984,
        "low": 56.209999084472656,
        "close": 56.790000915527344,
        "vol": 70888144,
        "amount": 4068717824
      },
      {
        "period_end": "2026-04-24 15:00:00",
        "is_closed": true,
        "datetime": "2026-04-24T00:00:00",
        "open": 56.790000915527344,
        "high": 57.310001373291016,
        "low": 55.36000061035156,
        "close": 56.66999816894531,
        "vol": 62066516,
        "amount": 3520691968
      },
      {
        "period_end": "2026-04-27 15:00:00",
        "is_closed": true,
        "datetime": "2026-04-27T00:00:00",
        "open": 56.61000061035156,
        "high": 57.40999984741211,
        "low": 56.20000076293945,
        "close": 57.13999938964844,
        "vol": 47468704,
        "amount": 2711396352
      },
      {
        "period_end": "2026-04-28 15:00:00",
        "is_closed": true,
        "datetime": "2026-04-28T00:00:00",
        "open": 57.13999938964844,
        "high": 57.150001525878906,
        "low": 54.7599983215332,
        "close": 55.06999969482422,
        "vol": 58005960,
        "amount": 3238603264
      },
      {
        "period_end": "2026-04-29 15:00:00",
        "is_closed": true,
        "datetime": "2026-04-29T00:00:00",
        "open": 52.70000076293945,
        "high": 56.119998931884766,
        "low": 51.81999969482422,
        "close": 55.52000045776367,
        "vol": 86815736,
        "amount": 4726511104
      },
      {
        "period_end": "2026-04-30 15:00:00",
        "is_closed": true,
        "datetime": "2026-04-30T00:00:00",
        "open": 55.2599983215332,
        "high": 56.040000915527344,
        "low": 54.709999084472656,
        "close": 54.93000030517578,
        "vol": 47814976,
        "amount": 2650599168
      },
      {
        "period_end": "2026-05-06 15:00:00",
        "is_closed": true,
        "datetime": "2026-05-06T00:00:00",
        "open": 54.810001373291016,
        "high": 56.810001373291016,
        "low": 54.43000030517578,
        "close": 56.720001220703125,
        "vol": 76948864,
        "amount": 4319293440
      },
      {
        "period_end": "2026-05-07 15:00:00",
        "is_closed": true,
        "datetime": "2026-05-07T00:00:00",
        "open": 56.720001220703125,
        "high": 56.79999923706055,
        "low": 55.31999969482422,
        "close": 56.02000045776367,
        "vol": 61712204,
        "amount": 3470281984
      },
      {
        "period_end": "2026-05-08 15:00:00",
        "is_closed": true,
        "datetime": "2026-05-08T00:00:00",
        "open": 55.599998474121094,
        "high": 56.560001373291016,
        "low": 54.369998931884766,
        "close": 54.459999084472656,
        "vol": 64847632,
        "amount": 3597587200
      },
      {
        "period_end": "2026-05-11 15:00:00",
        "is_closed": true,
        "datetime": "2026-05-11T00:00:00",
        "open": 54.709999084472656,
        "high": 56.90999984741211,
        "low": 54.61000061035156,
        "close": 56.2599983215332,
        "vol": 78166144,
        "amount": 4394590720
      },
      {
        "period_end": "2026-05-12 15:00:00",
        "is_closed": true,
        "datetime": "2026-05-12T00:00:00",
        "open": 56.369998931884766,
        "high": 56.529998779296875,
        "low": 53.41999816894531,
        "close": 53.77000045776367,
        "vol": 69708792,
        "amount": 3801299712
      },
      {
        "period_end": "2026-05-13 15:00:00",
        "is_closed": true,
        "datetime": "2026-05-13T00:00:00",
        "open": 53.59000015258789,
        "high": 54.7599983215332,
        "low": 52.63999938964844,
        "close": 54.47999954223633,
        "vol": 54149848,
        "amount": 2937231872
      },
      {
        "period_end": "2026-05-14 15:00:00",
        "is_closed": true,
        "datetime": "2026-05-14T00:00:00",
        "open": 54.619998931884766,
        "high": 55.29999923706055,
        "low": 52.11000061035156,
        "close": 52.11000061035156,
        "vol": 58830532,
        "amount": 3143603712
      },
      {
        "period_end": "2026-05-15 15:00:00",
        "is_closed": true,
        "datetime": "2026-05-15T00:00:00",
        "open": 52.709999084472656,
        "high": 53.40999984741211,
        "low": 51.38999938964844,
        "close": 51.90999984741211,
        "vol": 55307336,
        "amount": 2907998464
      },
      {
        "period_end": "2026-05-18 15:00:00",
        "is_closed": true,
        "datetime": "2026-05-18T00:00:00",
        "open": 51.40999984741211,
        "high": 54.29999923706055,
        "low": 51.11000061035156,
        "close": 52.619998931884766,
        "vol": 63325272,
        "amount": 3383127296
      },
      {
        "period_end": "2026-05-19 15:00:00",
        "is_closed": true,
        "datetime": "2026-05-19T00:00:00",
        "open": 52.779998779296875,
        "high": 52.81999969482422,
        "low": 50.040000915527344,
        "close": 50.65999984741211,
        "vol": 54752460,
        "amount": 2800915968
      },
      {
        "period_end": "2026-05-20 15:00:00",
        "is_closed": true,
        "datetime": "2026-05-20T00:00:00",
        "open": 50.220001220703125,
        "high": 52.16999816894531,
        "low": 50.09000015258789,
        "close": 51.369998931884766,
        "vol": 44868296,
        "amount": 2310214144
      },
      {
        "period_end": "2026-05-21 15:00:00",
        "is_closed": true,
        "datetime": "2026-05-21T00:00:00",
        "open": 51.88999938964844,
        "high": 53.36000061035156,
        "low": 49.72999954223633,
        "close": 49.810001373291016,
        "vol": 57016120,
        "amount": 2973137664
      },
      {
        "period_end": "2026-05-22 15:00:00",
        "is_closed": true,
        "datetime": "2026-05-22T00:00:00",
        "open": 50.310001373291016,
        "high": 51.4900016784668,
        "low": 49.81999969482422,
        "close": 50.959999084472656,
        "vol": 39390452,
        "amount": 2010180864
      },
      {
        "period_end": "2026-05-25 15:00:00",
        "is_closed": true,
        "datetime": "2026-05-25T00:00:00",
        "open": 51.099998474121094,
        "high": 51.2599983215332,
        "low": 49.040000915527344,
        "close": 49.58000183105469,
        "vol": 45959040,
        "amount": 2297163264
      },
      {
        "period_end": "2026-05-26 15:00:00",
        "is_closed": true,
        "datetime": "2026-05-26T00:00:00",
        "open": 49.65999984741211,
        "high": 50.0099983215332,
        "low": 48.349998474121094,
        "close": 49.060001373291016,
        "vol": 38494744,
        "amount": 1901889792
      },
      {
        "period_end": "2026-05-27 15:00:00",
        "is_closed": true,
        "datetime": "2026-05-27T00:00:00",
        "open": 49.150001525878906,
        "high": 51.380001068115234,
        "low": 48.880001068115234,
        "close": 49.150001525878906,
        "vol": 55050820,
        "amount": 2780581120
      },
      {
        "period_end": "2026-05-28 15:00:00",
        "is_closed": true,
        "datetime": "2026-05-28T00:00:00",
        "open": 49.400001525878906,
        "high": 51.36000061035156,
        "low": 48.209999084472656,
        "close": 51.119998931884766,
        "vol": 61938480,
        "amount": 3121353728
      },
      {
        "period_end": "2026-05-29 15:00:00",
        "is_closed": true,
        "datetime": "2026-05-29T00:00:00",
        "open": 51.689998626708984,
        "high": 53.40999984741211,
        "low": 50.11000061035156,
        "close": 50.52000045776367,
        "vol": 78076456,
        "amount": 4083299584
      },
      {
        "period_end": "2026-06-01 15:00:00",
        "is_closed": true,
        "datetime": "2026-06-01T00:00:00",
        "open": 50.970001220703125,
        "high": 52.59000015258789,
        "low": 48.75,
        "close": 48.900001525878906,
        "vol": 59245028,
        "amount": 3004327680
      },
      {
        "period_end": "2026-06-02 15:00:00",
        "is_closed": true,
        "datetime": "2026-06-02T00:00:00",
        "open": 48.720001220703125,
        "high": 49,
        "low": 46.599998474121094,
        "close": 47.900001525878906,
        "vol": 56000264,
        "amount": 2686547712
      },
      {
        "period_end": "2026-06-03 15:00:00",
        "is_closed": true,
        "datetime": "2026-06-03T00:00:00",
        "open": 47.709999084472656,
        "high": 49.65999984741211,
        "low": 46.79999923706055,
        "close": 47.40999984741211,
        "vol": 56268096,
        "amount": 2726448384
      },
      {
        "period_end": "2026-06-04 15:00:00",
        "is_closed": true,
        "datetime": "2026-06-04T00:00:00",
        "open": 47.09000015258789,
        "high": 47.849998474121094,
        "low": 46.060001373291016,
        "close": 46.59000015258789,
        "vol": 46814280,
        "amount": 2208229120
      },
      {
        "period_end": "2026-06-05 15:00:00",
        "is_closed": true,
        "datetime": "2026-06-05T00:00:00",
        "open": 46.720001220703125,
        "high": 48.2599983215332,
        "low": 44.81999969482422,
        "close": 46.689998626708984,
        "vol": 62074200,
        "amount": 2910320896
      },
      {
        "period_end": "2026-06-08 15:00:00",
        "is_closed": true,
        "datetime": "2026-06-08T00:00:00",
        "open": 45.61000061035156,
        "high": 45.810001373291016,
        "low": 43.099998474121094,
        "close": 43.52000045776367,
        "vol": 59351800,
        "amount": 2654265856
      },
      {
        "period_end": "2026-06-09 15:00:00",
        "is_closed": true,
        "datetime": "2026-06-09T00:00:00",
        "open": 44.22999954223633,
        "high": 44.88999938964844,
        "low": 43.27000045776367,
        "close": 44.66999816894531,
        "vol": 41536056,
        "amount": 1842051968
      },
      {
        "period_end": "2026-06-10 15:00:00",
        "is_closed": true,
        "datetime": "2026-06-10T00:00:00",
        "open": 44.150001525878906,
        "high": 44.459999084472656,
        "low": 41.709999084472656,
        "close": 42.5099983215332,
        "vol": 43683344,
        "amount": 1888258432
      },
      {
        "period_end": "2026-06-11 15:00:00",
        "is_closed": true,
        "datetime": "2026-06-11T00:00:00",
        "open": 41.84000015258789,
        "high": 42.43000030517578,
        "low": 41.189998626708984,
        "close": 41.47999954223633,
        "vol": 37758100,
        "amount": 1583355648
      },
      {
        "period_end": "2026-06-12 15:00:00",
        "is_closed": true,
        "datetime": "2026-06-12T00:00:00",
        "open": 42.130001068115234,
        "high": 43.09000015258789,
        "low": 40.900001525878906,
        "close": 40.900001525878906,
        "vol": 58128000,
        "amount": 2468345600
      },
      {
        "period_end": "2026-06-15 15:00:00",
        "is_closed": true,
        "datetime": "2026-06-15T00:00:00",
        "open": 41.720001220703125,
        "high": 42.349998474121094,
        "low": 41.38999938964844,
        "close": 42.310001373291016,
        "vol": 44034532,
        "amount": 1858234624
      },
      {
        "period_end": "2026-06-16 15:00:00",
        "is_closed": true,
        "datetime": "2026-06-16T00:00:00",
        "open": 43.59000015258789,
        "high": 49.27000045776367,
        "low": 42.40999984741211,
        "close": 49.11000061035156,
        "vol": 146998896,
        "amount": 6887335936
      },
      {
        "period_end": "2026-06-17 15:00:00",
        "is_closed": true,
        "datetime": "2026-06-17T00:00:00",
        "open": 47.380001068115234,
        "high": 48.33000183105469,
        "low": 46.810001373291016,
        "close": 47.84000015258789,
        "vol": 103089624,
        "amount": 4930373632
      },
      {
        "period_end": "2026-06-18 15:00:00",
        "is_closed": true,
        "datetime": "2026-06-18T00:00:00",
        "open": 47.79999923706055,
        "high": 48.66999816894531,
        "low": 46.0099983215332,
        "close": 46.439998626708984,
        "vol": 87653528,
        "amount": 4146292992
      },
      {
        "period_end": "2026-06-22 15:00:00",
        "is_closed": true,
        "datetime": "2026-06-22T00:00:00",
        "open": 45.709999084472656,
        "high": 47.11000061035156,
        "low": 44.779998779296875,
        "close": 47.060001373291016,
        "vol": 83019936,
        "amount": 3862006528
      },
      {
        "period_end": "2026-06-23 15:00:00",
        "is_closed": true,
        "datetime": "2026-06-23T00:00:00",
        "open": 47.0099983215332,
        "high": 47.380001068115234,
        "low": 43.75,
        "close": 44.02000045776367,
        "vol": 72019144,
        "amount": 3277826816
      },
      {
        "period_end": "2026-06-24 15:00:00",
        "is_closed": true,
        "datetime": "2026-06-24T00:00:00",
        "open": 44.380001068115234,
        "high": 45.810001373291016,
        "low": 43.869998931884766,
        "close": 44.9900016784668,
        "vol": 52398396,
        "amount": 2369693440
      },
      {
        "period_end": "2026-06-25 15:00:00",
        "is_closed": true,
        "datetime": "2026-06-25T00:00:00",
        "open": 44.88999938964844,
        "high": 44.90999984741211,
        "low": 43.220001220703125,
        "close": 43.65999984741211,
        "vol": 54802704,
        "amount": 2413908480
      },
      {
        "period_end": "2026-06-26 15:00:00",
        "is_closed": true,
        "datetime": "2026-06-26T00:00:00",
        "open": 43.400001525878906,
        "high": 43.58000183105469,
        "low": 40.5099983215332,
        "close": 40.540000915527344,
        "vol": 60778776,
        "amount": 2545555200
      },
      {
        "period_end": "2026-06-29 15:00:00",
        "is_closed": true,
        "datetime": "2026-06-29T00:00:00",
        "open": 40.209999084472656,
        "high": 40.40999984741211,
        "low": 38.599998474121094,
        "close": 39.72999954223633,
        "vol": 55161284,
        "amount": 2193259520
      },
      {
        "period_end": "2026-06-30 15:00:00",
        "is_closed": true,
        "datetime": "2026-06-30T00:00:00",
        "open": 39.70000076293945,
        "high": 41.25,
        "low": 39.29999923706055,
        "close": 40.720001220703125,
        "vol": 47277432,
        "amount": 1906980864
      },
      {
        "period_end": "2026-07-01 15:00:00",
        "is_closed": true,
        "datetime": "2026-07-01T00:00:00",
        "open": 41.040000915527344,
        "high": 41.4900016784668,
        "low": 39.029998779296875,
        "close": 39.959999084472656,
        "vol": 52930200,
        "amount": 2113355776
      },
      {
        "period_end": "2026-07-02 15:00:00",
        "is_closed": true,
        "datetime": "2026-07-02T00:00:00",
        "open": 39.470001220703125,
        "high": 40.119998931884766,
        "low": 38.459999084472656,
        "close": 38.52000045776367,
        "vol": 51491580,
        "amount": 2020494848
      },
      {
        "period_end": "2026-07-03 15:00:00",
        "is_closed": true,
        "datetime": "2026-07-03T00:00:00",
        "open": 38.5099983215332,
        "high": 40.22999954223633,
        "low": 38.380001068115234,
        "close": 39.290000915527344,
        "vol": 49255496,
        "amount": 1934192896
      },
      {
        "period_end": "2026-07-06 15:00:00",
        "is_closed": true,
        "datetime": "2026-07-06T00:00:00",
        "open": 39.2400016784668,
        "high": 39.75,
        "low": 37.86000061035156,
        "close": 37.880001068115234,
        "vol": 44122104,
        "amount": 1704250880
      },
      {
        "period_end": "2026-07-07 15:00:00",
        "is_closed": true,
        "datetime": "2026-07-07T00:00:00",
        "open": 37.9900016784668,
        "high": 38.880001068115234,
        "low": 37.099998474121094,
        "close": 37.25,
        "vol": 36874392,
        "amount": 1396872576
      },
      {
        "period_end": "2026-07-08 15:00:00",
        "is_closed": true,
        "datetime": "2026-07-08T00:00:00",
        "open": 37.560001373291016,
        "high": 40.4900016784668,
        "low": 35.810001373291016,
        "close": 36.95000076293945,
        "vol": 84488464,
        "amount": 3206941184
      },
      {
        "period_end": "2026-07-09 15:00:00",
        "is_closed": true,
        "datetime": "2026-07-09T00:00:00",
        "open": 37.400001525878906,
        "high": 37.599998474121094,
        "low": 35.459999084472656,
        "close": 37.04999923706055,
        "vol": 52146048,
        "amount": 1901657216
      },
      {
        "period_end": "2026-07-10 15:00:00",
        "is_closed": true,
        "datetime": "2026-07-10T00:00:00",
        "open": 37.29999923706055,
        "high": 37.599998474121094,
        "low": 36.13999938964844,
        "close": 36.25,
        "vol": 45852176,
        "amount": 1694648960
      },
      {
        "period_end": "2026-07-13 15:00:00",
        "is_closed": true,
        "datetime": "2026-07-13T00:00:00",
        "open": 36,
        "high": 36.20000076293945,
        "low": 33.869998931884766,
        "close": 33.97999954223633,
        "vol": 46847132,
        "amount": 1620242944
      },
      {
        "period_end": "2026-07-14 15:00:00",
        "is_closed": true,
        "datetime": "2026-07-14T00:00:00",
        "open": 34,
        "high": 34.47999954223633,
        "low": 32.90999984741211,
        "close": 34.470001220703125,
        "vol": 33923760,
        "amount": 1146307584
      },
      {
        "period_end": "2026-07-15 15:00:00",
        "is_closed": true,
        "datetime": "2026-07-15T00:00:00",
        "open": 34.459999084472656,
        "high": 34.959999084472656,
        "low": 33.5,
        "close": 33.72999954223633,
        "vol": 30686112,
        "amount": 1047689280
      },
      {
        "period_end": "2026-07-16 15:00:00",
        "is_closed": true,
        "datetime": "2026-07-16T00:00:00",
        "open": 33.5,
        "high": 33.77000045776367,
        "low": 32.5099983215332,
        "close": 32.7400016784668,
        "vol": 33058668,
        "amount": 1094169088
      },
      {
        "period_end": "2026-07-17 15:00:00",
        "is_closed": true,
        "datetime": "2026-07-17T00:00:00",
        "open": 32.7400016784668,
        "high": 33.130001068115234,
        "low": 30.850000381469727,
        "close": 31.059999465942383,
        "vol": 47870396,
        "amount": 1525691392
      },
      {
        "period_end": "2026-07-20 15:00:00",
        "is_closed": true,
        "datetime": "2026-07-20T00:00:00",
        "open": 31.610000610351562,
        "high": 32.77000045776367,
        "low": 30.5,
        "close": 31.270000457763672,
        "vol": 61223296,
        "amount": 1939113216
      },
      {
        "period_end": "2026-07-21 15:00:00",
        "is_closed": true,
        "datetime": "2026-07-21T00:00:00",
        "open": 31.399999618530273,
        "high": 32.779998779296875,
        "low": 31.110000610351562,
        "close": 32.7599983215332,
        "vol": 59783692,
        "amount": 1916756608
      },
      {
        "period_end": "2026-07-22 15:00:00",
        "is_closed": true,
        "datetime": "2026-07-22T00:00:00",
        "open": 32.91999816894531,
        "high": 33.060001373291016,
        "low": 31.770000457763672,
        "close": 31.889999389648438,
        "vol": 42882500,
        "amount": 1389256576
      },
      {
        "period_end": "2026-07-23 15:00:00",
        "is_closed": true,
        "datetime": "2026-07-23T00:00:00",
        "open": 32.04999923706055,
        "high": 33.13999938964844,
        "low": 31.899999618530273,
        "close": 33.09000015258789,
        "vol": 45522212,
        "amount": 1485498112
      },
      {
        "period_end": "2026-07-24 15:00:00",
        "is_closed": true,
        "datetime": "2026-07-24T00:00:00",
        "open": 32.75,
        "high": 32.939998626708984,
        "low": 32.0099983215332,
        "close": 32.02000045776367,
        "vol": 35479164,
        "amount": 1148296704
      },
      {
        "period_end": "2026-07-27 15:00:00",
        "is_closed": true,
        "datetime": "2026-07-27T00:00:00",
        "open": 32.599998474121094,
        "high": 34.2599983215332,
        "low": 32.369998931884766,
        "close": 33.5099983215332,
        "vol": 52681896,
        "amount": 1753684992
      },
      {
        "period_end": "2026-07-28 15:00:00",
        "is_closed": true,
        "datetime": "2026-07-28T00:00:00",
        "open": 33.25,
        "high": 34.20000076293945,
        "low": 32.900001525878906,
        "close": 33.029998779296875,
        "vol": 38725284,
        "amount": 1291448960
      },
      {
        "period_end": "2026-07-29 15:00:00",
        "is_closed": true,
        "datetime": "2026-07-29T00:00:00",
        "open": 32.97999954223633,
        "high": 33.79999923706055,
        "low": 31.809999465942383,
        "close": 33.40999984741211,
        "vol": 42710288,
        "amount": 1406110208
      },
      {
        "period_end": "2026-07-30 15:00:00",
        "is_closed": true,
        "datetime": "2026-07-30T00:00:00",
        "open": 33,
        "high": 33.880001068115234,
        "low": 32.869998931884766,
        "close": 33.380001068115234,
        "vol": 41488744,
        "amount": 1386374400
      },
      {
        "period_end": "2026-07-31 15:00:00",
        "is_closed": true,
        "datetime": "2026-07-31T00:00:00",
        "open": 33.97999954223633,
        "high": 34.5099983215332,
        "low": 33.529998779296875,
        "close": 33.849998474121094,
        "vol": 46590896,
        "amount": 1584140800
      },
      {
        "period_end": "2026-08-03 15:00:00",
        "is_closed": true,
        "datetime": "2026-08-03T00:00:00",
        "open": 33.599998474121094,
        "high": 34.189998626708984,
        "low": 33.130001068115234,
        "close": 33.91999816894531,
        "vol": 32423794,
        "amount": 1097075200
      },
      {
        "period_end": "2026-08-04 15:00:00",
        "is_closed": true,
        "datetime": "2026-08-04T00:00:00",
        "open": 33.939998626708984,
        "high": 34.58000183105469,
        "low": 33.650001525878906,
        "close": 34.33000183105469,
        "vol": 35577880,
        "amount": 1217666432
      },
      {
        "period_end": "2026-08-05 15:00:00",
        "is_closed": true,
        "datetime": "2026-08-05T00:00:00",
        "open": 34.34000015258789,
        "high": 35.27000045776367,
        "low": 34,
        "close": 35.18000030517578,
        "vol": 47310680,
        "amount": 1648390784
      },
      {
        "period_end": "2026-08-06 15:00:00",
        "is_closed": true,
        "datetime": "2026-08-06T00:00:00",
        "open": 35.060001373291016,
        "high": 35.31999969482422,
        "low": 34.099998474121094,
        "close": 34.5,
        "vol": 39622552,
        "amount": 1373322368
      },
      {
        "period_end": "2026-08-07 15:00:00",
        "is_closed": true,
        "datetime": "2026-08-07T00:00:00",
        "open": 34.47999954223633,
        "high": 35.04999923706055,
        "low": 33.900001525878906,
        "close": 34.900001525878906,
        "vol": 39702344,
        "amount": 1374345600
      },
      {
        "period_end": "2026-08-10 15:00:00",
        "is_closed": true,
        "datetime": "2026-08-10T00:00:00",
        "open": 35.06999969482422,
        "high": 35.5,
        "low": 34.52000045776367,
        "close": 35.04999923706055,
        "vol": 31200344,
        "amount": 1090288896
      },
      {
        "period_end": "2026-08-11 15:00:00",
        "is_closed": true,
        "datetime": "2026-08-11T00:00:00",
        "open": 34.88999938964844,
        "high": 35.65999984741211,
        "low": 34.7599983215332,
        "close": 34.900001525878906,
        "vol": 31743048,
        "amount": 1117376384
      },
      {
        "period_end": "2026-08-12 15:00:00",
        "is_closed": true,
        "datetime": "2026-08-12T00:00:00",
        "open": 34.63999938964844,
        "high": 35.880001068115234,
        "low": 34.599998474121094,
        "close": 35.38999938964844,
        "vol": 33995356,
        "amount": 1204648704
      },
      {
        "period_end": "2026-08-13 15:00:00",
        "is_closed": true,
        "datetime": "2026-08-13T00:00:00",
        "open": 35.45000076293945,
        "high": 35.619998931884766,
        "low": 34.599998474121094,
        "close": 34.630001068115234,
        "vol": 29567102,
        "amount": 1040288960
      },
      {
        "period_end": "2026-08-14 15:00:00",
        "is_closed": true,
        "datetime": "2026-08-14T00:00:00",
        "open": 34.630001068115234,
        "high": 35.38999938964844,
        "low": 34.369998931884766,
        "close": 34.779998779296875,
        "vol": 26010792,
        "amount": 906171648
      },
      {
        "period_end": "2026-08-17 15:00:00",
        "is_closed": true,
        "datetime": "2026-08-17T00:00:00",
        "open": 34.90999984741211,
        "high": 35.400001525878906,
        "low": 34.27000045776367,
        "close": 35.380001068115234,
        "vol": 28207296,
        "amount": 987961472
      },
      {
        "period_end": "2026-08-18 15:00:00",
        "is_closed": true,
        "datetime": "2026-08-18T00:00:00",
        "open": 35.380001068115234,
        "high": 35.79999923706055,
        "low": 34.84000015258789,
        "close": 35.2400016784668,
        "vol": 26420092,
        "amount": 931923200
      },
      {
        "period_end": "2026-08-19 15:00:00",
        "is_closed": true,
        "datetime": "2026-08-19T00:00:00",
        "open": 34.81999969482422,
        "high": 34.83000183105469,
        "low": 33.439998626708984,
        "close": 33.52000045776367,
        "vol": 32490048,
        "amount": 1106429568
      },
      {
        "period_end": "2026-08-20 15:00:00",
        "is_closed": true,
        "datetime": "2026-08-20T00:00:00",
        "open": 33.849998474121094,
        "high": 34.150001525878906,
        "low": 33.119998931884766,
        "close": 33.33000183105469,
        "vol": 23060460,
        "amount": 776531968
      },
      {
        "period_end": "2026-08-21 15:00:00",
        "is_closed": true,
        "datetime": "2026-08-21T00:00:00",
        "open": 33.119998931884766,
        "high": 34.470001220703125,
        "low": 33.0099983215332,
        "close": 33.90999984741211,
        "vol": 26089180,
        "amount": 885441472
      },
      {
        "period_end": "2026-08-24 15:00:00",
        "is_closed": true,
        "datetime": "2026-08-24T00:00:00",
        "open": 34.20000076293945,
        "high": 35.150001525878906,
        "low": 33.40999984741211,
        "close": 33.84000015258789,
        "vol": 32416336,
        "amount": 1108890368
      },
      {
        "period_end": "2026-08-25 15:00:00",
        "is_closed": true,
        "datetime": "2026-08-25T00:00:00",
        "open": 33.75,
        "high": 33.75,
        "low": 32.79999923706055,
        "close": 33.400001525878906,
        "vol": 23414720,
        "amount": 778399360
      },
      {
        "period_end": "2026-08-26 15:00:00",
        "is_closed": true,
        "datetime": "2026-08-26T00:00:00",
        "open": 33.290000915527344,
        "high": 34.20000076293945,
        "low": 33.209999084472656,
        "close": 33.599998474121094,
        "vol": 23414762,
        "amount": 792186240
      },
      {
        "period_end": "2026-08-27 15:00:00",
        "is_closed": true,
        "datetime": "2026-08-27T00:00:00",
        "open": 33.599998474121094,
        "high": 33.93000030517578,
        "low": 32.81999969482422,
        "close": 33.77000045776367,
        "vol": 26704320,
        "amount": 894032768
      },
      {
        "period_end": "2026-08-28 15:00:00",
        "is_closed": true,
        "datetime": "2026-08-28T00:00:00",
        "open": 33.619998931884766,
        "high": 34.119998931884766,
        "low": 33.40999984741211,
        "close": 33.439998626708984,
        "vol": 21678834,
        "amount": 730152192
      },
      {
        "period_end": "2026-08-31 15:00:00",
        "is_closed": true,
        "datetime": "2026-08-31T00:00:00",
        "open": 35.02000045776367,
        "high": 35.22999954223633,
        "low": 33.130001068115234,
        "close": 33.619998931884766,
        "vol": 46589428,
        "amount": 1582150528
      },
      {
        "period_end": "2026-09-01 15:00:00",
        "is_closed": true,
        "datetime": "2026-09-01T00:00:00",
        "open": 34,
        "high": 34,
        "low": 32.779998779296875,
        "close": 32.810001373291016,
        "vol": 31975480,
        "amount": 1059780800
      },
      {
        "period_end": "2026-09-02 15:00:00",
        "is_closed": true,
        "datetime": "2026-09-02T00:00:00",
        "open": 32.439998626708984,
        "high": 32.45000076293945,
        "low": 31.709999084472656,
        "close": 31.93000030517578,
        "vol": 26477122,
        "amount": 846448896
      },
      {
        "period_end": "2026-09-03 15:00:00",
        "is_closed": true,
        "datetime": "2026-09-03T00:00:00",
        "open": 32.22999954223633,
        "high": 32.38999938964844,
        "low": 31.729999542236328,
        "close": 32.09000015258789,
        "vol": 17071420,
        "amount": 547277632
      },
      {
        "period_end": "2026-09-04 15:00:00",
        "is_closed": true,
        "datetime": "2026-09-04T00:00:00",
        "open": 32.220001220703125,
        "high": 32.560001373291016,
        "low": 31.420000076293945,
        "close": 31.56999969482422,
        "vol": 24316316,
        "amount": 780811904
      },
      {
        "period_end": "2026-09-07 15:00:00",
        "is_closed": true,
        "datetime": "2026-09-07T00:00:00",
        "open": 31.239999771118164,
        "high": 31.670000076293945,
        "low": 31.18000030517578,
        "close": 31.489999771118164,
        "vol": 19513012,
        "amount": 614830528
      },
      {
        "period_end": "2026-09-08 15:00:00",
        "is_closed": true,
        "datetime": "2026-09-08T00:00:00",
        "open": 31.450000762939453,
        "high": 31.549999237060547,
        "low": 30.860000610351562,
        "close": 30.8799991607666,
        "vol": 21763470,
        "amount": 676735616
      },
      {
        "period_end": "2026-09-09 15:00:00",
        "is_closed": true,
        "datetime": "2026-09-09T00:00:00",
        "open": 30.739999771118164,
        "high": 31.079999923706055,
        "low": 30.559999465942383,
        "close": 30.829999923706055,
        "vol": 17272900,
        "amount": 531878976
      },
      {
        "period_end": "2026-09-10 15:00:00",
        "is_closed": true,
        "datetime": "2026-09-10T00:00:00",
        "open": 30.6299991607666,
        "high": 30.6299991607666,
        "low": 30.049999237060547,
        "close": 30.06999969482422,
        "vol": 20733430,
        "amount": 625804352
      },
      {
        "period_end": "2026-09-11 15:00:00",
        "is_closed": true,
        "datetime": "2026-09-11T00:00:00",
        "open": 29.700000762939453,
        "high": 29.770000457763672,
        "low": 29.020000457763672,
        "close": 29.670000076293945,
        "vol": 26872198,
        "amount": 790264192
      },
      {
        "period_end": "2026-09-14 15:00:00",
        "is_closed": true,
        "datetime": "2026-09-14T00:00:00",
        "open": 29.5,
        "high": 30.229999542236328,
        "low": 29.399999618530273,
        "close": 29.8799991607666,
        "vol": 18826944,
        "amount": 562024128
      },
      {
        "period_end": "2026-09-15 15:00:00",
        "is_closed": true,
        "datetime": "2026-09-15T00:00:00",
        "open": 29.799999237060547,
        "high": 32.279998779296875,
        "low": 29.700000762939453,
        "close": 31.540000915527344,
        "vol": 67356320,
        "amount": 2105752704
      },
      {
        "period_end": "2026-09-16 15:00:00",
        "is_closed": true,
        "datetime": "2026-09-16T00:00:00",
        "open": 31.84000015258789,
        "high": 32.47999954223633,
        "low": 30.549999237060547,
        "close": 31.700000762939453,
        "vol": 53060588,
        "amount": 1664178560
      },
      {
        "period_end": "2026-09-17 15:00:00",
        "is_closed": true,
        "datetime": "2026-09-17T00:00:00",
        "open": 31.5,
        "high": 32.189998626708984,
        "low": 31.299999237060547,
        "close": 31.8700008392334,
        "vol": 35481544,
        "amount": 1128199680
      },
      {
        "period_end": "2026-09-18 15:00:00",
        "is_closed": true,
        "datetime": "2026-09-18T00:00:00",
        "open": 32.099998474121094,
        "high": 32.599998474121094,
        "low": 32.02000045776367,
        "close": 32.529998779296875,
        "vol": 35237816,
        "amount": 1138782592
      },
      {
        "period_end": "2026-09-21 15:00:00",
        "is_closed": true,
        "datetime": "2026-09-21T00:00:00",
        "open": 32.38999938964844,
        "high": 32.900001525878906,
        "low": 32.279998779296875,
        "close": 32.43000030517578,
        "vol": 29619276,
        "amount": 964063872
      },
      {
        "period_end": "2026-09-22 15:00:00",
        "is_closed": true,
        "datetime": "2026-09-22T00:00:00",
        "open": 32.5,
        "high": 32.869998931884766,
        "low": 32.220001220703125,
        "close": 32.29999923706055,
        "vol": 26272700,
        "amount": 855650880
      },
      {
        "period_end": "2026-09-23 15:00:00",
        "is_closed": true,
        "datetime": "2026-09-23T00:00:00",
        "open": 32.27000045776367,
        "high": 32.630001068115234,
        "low": 32.119998931884766,
        "close": 32.40999984741211,
        "vol": 20427710,
        "amount": 661731968
      },
      {
        "period_end": "2026-09-24 15:00:00",
        "is_closed": true,
        "datetime": "2026-09-24T00:00:00",
        "open": 32.349998474121094,
        "high": 33.06999969482422,
        "low": 32.060001373291016,
        "close": 32.11000061035156,
        "vol": 25656048,
        "amount": 832870464
      },
      {
        "period_end": "2026-09-28 15:00:00",
        "is_closed": true,
        "datetime": "2026-09-28T00:00:00",
        "open": 31.93000030517578,
        "high": 32.02000045776367,
        "low": 30.940000534057617,
        "close": 31.200000762939453,
        "vol": 24334848,
        "amount": 762638912
      },
      {
        "period_end": "2026-09-29 15:00:00",
        "is_closed": true,
        "datetime": "2026-09-29T00:00:00",
        "open": 31.770000457763672,
        "high": 33.880001068115234,
        "low": 31.770000457763672,
        "close": 33.7599983215332,
        "vol": 95496184,
        "amount": 3150643968
      }
    ]
  },
  "best": {
    "params": {
      "fast": 7,
      "slow": 31
    },
    "total_return": 1.1163381015167237,
    "sharpe": 1.2257873145056535,
    "max_drawdown": 0.24974008078663731,
    "total_trades": 6,
    "win_rate": 0.3333333333333333,
    "profit_factor": 3.567472603509303,
    "metric_status": {
      "total_return": {
        "state": "finite",
        "reason": ""
      },
      "sharpe": {
        "state": "finite",
        "reason": ""
      },
      "max_drawdown": {
        "state": "finite",
        "reason": ""
      },
      "win_rate": {
        "state": "finite",
        "reason": ""
      },
      "profit_factor": {
        "state": "finite",
        "reason": ""
      }
    }
  },
  "query": {
    "version": 1,
    "strategy": "ma_cross",
    "params": {
      "fast": 7,
      "slow": 31
    },
    "context": {
      "symbol": "SZ:300450",
      "category": "DAY",
      "adjust": "QFQ",
      "start_date": "2025-01-02",
      "end_date": "2026-09-29"
    },
    "trade_config": {
      "cash": 200000,
      "commission": 0.0002,
      "min_commission": 83.21,
      "stamp_tax": 0.004,
      "slippage": 0.002,
      "execution": "next_open"
    }
  },
  "backtest": {
    "total_return": 1.1163381015167237,
    "annual_return": 0.5646787925520942,
    "max_drawdown": 0.24974008078663731,
    "max_dd_duration": 138,
    "sharpe": 1.2257873145056535,
    "sortino": 2.225289885647193,
    "calmar": 2.2610659481387825,
    "total_trades": 6,
    "win_trades": 2,
    "lose_trades": 4,
    "breakeven_trades": 0,
    "rejected_trades": 0,
    "win_rate": 0.3333333333333333,
    "profit_factor": 3.567472603509303,
    "avg_win": 0.8163386356792948,
    "avg_loss": -0.06434020378896482,
    "max_win": 1.541230354529492,
    "max_loss": -0.09499603630169191,
    "avg_holding_days": 44.05704099821747,
    "volatility": 0.40544232731199475,
    "sharpe_ratio": 1.2257873145056535,
    "start_cash": 200000,
    "end_value": 423267.62030334474
  },
  "widths": [
    {
      "width": 1440,
      "actual": 1440
    },
    {
      "width": 390,
      "actual": 390
    },
    {
      "width": 320,
      "actual": 320
    }
  ]
}
### Ran Playwright code
```js
await page.evaluate('() => (window.__executionReport)');
```
### Page
- Page URL: http://127.0.0.1:8768/?optimizationContext={%22version%22:1,%22strategy%22:%22ma_cross%22,%22params%22:{%22fast%22:7,%22slow%22:31},%22context%22:{%22symbol%22:%22SZ:300450%22,%22category%22:%22DAY%22,%22adjust%22:%22QFQ%22,%22start_date%22:%222025-01-02%22,%22end_date%22:%222026-09-29%22},%22trade_config%22:{%22cash%22:200000,%22commission%22:0.0002,%22min_commission%22:83.21,%22stamp_tax%22:0.004,%22slippage%22:0.002,%22execution%22:%22next_open%22}}
- Page Title: 股票分析 · Analysis Studio
- Console: 6 errors, 0 warnings
### Events
- New console entries: ../.playwright-cli/console-2026-10-09T19-02-33-360Z.log#L6
